"Report Generated, 9th July 2025 - 19:40",,,,,,,,,,,,,,,,,,,,,,,,,,,
,,,,,,,,,,,,,,,,,,,,,,,,,,,
DS P&L REPORT,,,,,,,,,,,,,,,,,,,,,,,,,,,
"Bajs Limited, Bellam & Co Limited, Dhillon Brothers Limited, Fans (UK) Limited, MDJ Investments Limited, Nij Enterprises Ltd, Popat Leisure Limited, R & D 2 Pizza Limited, R&D Yorkshire Limited, Radas Pizza Ltd, Topbake Limited",,,,,,,,,,,,,,,,,,,,,,,,,,,
British Pound,Eliminated accounts removed,,,,,,,,,,,,,,,,,,,,,,,,,,
,,,,,,,,,,,,,,,,,,,,,,,,,,,
Account Code,Account Name,May 24,,Jun 24,,Jul 24,,Aug 24,,Sep 24,,Oct 24,,Nov 24,,Dec 24,,Jan 25,,Feb 25,,Mar 25,,Apr 25,,May 25,
,,,PY,,PY,,PY,,PY,,PY,,PY,,PY,,PY,,PY,,PY,,PY,,PY,,PY
,,,,,,,,,,,,,,,,,,,,,,,,,,,
Revenue,,,,,,,,,,,,,,,,,,,,,,,,,,,
4000,Sales,£ 0.00,£ 0.00,£ 0.00,£ 0.00,£ 0.00,£ 0.00,£ 0.00,£ 0.00,"£ 10,382,780.74",£ 0.00,£ 0.00,£ 0.00,£ 0.00,£ 0.00,£ 0.00,"£ 13,799,278.00",£ 0.00,£ 0.00,£ 0.00,£ 0.00,£ 0.00,£ 0.00,£ 0.00,£ 0.00,£ 0.00,£ 0.00
4000,STORE - Inter store food Sales,£ 0.00,£ 0.00,£ 0.00,£ 0.00,£ 0.00,£ 0.00,£ 0.00,£ 0.00,£ -285.53,£ 0.00,£ -21.98,£ 0.00,£ -62.12,£ 0.00,£ 0.00,£ 0.00,£ 0.00,£ 0.00,£ 0.00,£ 0.00,£ 0.00,£ 0.00,£ 0.00,£ 0.00,£ 0.00,£ 0.00
4001,STORE - SALES,"£ 2,873,316.85","£ 2,781,309.21","£ 2,844,253.40","£ 2,556,175.46","£ 2,802,485.10","£ 2,719,861.49","£ 2,697,464.77","£ 2,602,480.04","£ 2,595,440.71","£ 2,715,718.23","£ 4,059,397.92","£ 2,958,726.70","£ 4,200,669.25","£ 2,786,001.14","£ 4,641,633.89","£ 3,685,748.76","£ 3,637,933.77","£ 2,478,261.40","£ 3,696,743.59","£ 2,781,238.89","£ 4,177,417.33","£ 2,973,184.74","£ 3,826,327.38","£ 2,670,784.69","£ 4,161,960.87","£ 2,873,316.85"
4002,HECKMONDWICKE,£ 0.00,£ 0.00,£ 0.00,£ 0.00,£ 0.00,£ 0.00,£ 0.00,£ 0.00,£ 0.00,£ 0.00,£ 0.00,£ 0.00,£ 0.00,£ 0.00,£ 0.00,£ 0.00,£ 0.00,£ 0.00,£ 0.00,£ 0.00,£ 0.00,£ 0.00,£ 0.00,£ 0.00,£ 0.00,£ 0.00
4002,Other Sales,£ 73.76,£ 0.00,£ 0.00,£ 0.00,£ 755.86,£ 0.00,£ 0.00,£ 0.00,£ 0.00,"£ 2,500.00",£ 0.00,£ 0.00,"£ 9,816.67",£ 0.00,£ 0.00,£ 0.00,£ 0.00,£ 500.00,£ 0.00,£ 0.00,£ 0.00,£ 0.00,£ 0.00,£ 13.80,£ 0.00,£ 73.76
4003,BIRCHINGTON,£ 0.00,£ 0.00,£ 0.00,£ 0.00,£ 0.00,£ 0.00,£ 0.00,£ 0.00,£ 0.00,£ 0.00,£ 0.00,£ 0.00,£ 0.00,£ 0.00,£ 0.00,£ 0.00,£ 0.00,£ 0.00,£ 0.00,£ 0.00,£ 0.00,£ 0.00,£ 0.00,£ 0.00,£ 0.00,£ 0.00
4003,HONLEY,£ 0.00,£ 0.00,£ 0.00,£ 0.00,£ 0.00,£ 0.00,£ 0.00,£ 0.00,£ 0.00,£ 0.00,£ 0.00,£ 0.00,£ 0.00,£ 0.00,£ 0.00,£ 0.00,£ 0.00,£ 0.00,£ 0.00,£ 0.00,£ 0.00,£ 0.00,£ 0.00,£ 0.00,£ 0.00,£ 0.00
4004,Car recharge-Jake,£ 0.00,£ 0.00,£ 0.00,£ 0.00,"£ 12,243.13",£ 0.00,£ 783.13,£ 0.00,£ 783.13,£ 0.00,£ 783.13,£ 0.00,£ 783.13,£ 0.00,£ 783.13,£ 0.00,£ 783.13,£ 0.00,£ 783.13,£ 0.00,£ 783.13,£ 0.00,£ 783.13,£ 0.00,£ 783.13,£ 0.00
4005,WAKEFIELD SALES,£ 0.00,£ 0.00,£ 0.00,£ 0.00,£ 0.00,£ 0.00,£ 0.00,£ 0.00,£ 0.00,£ 0.00,£ 0.00,£ 0.00,£ 0.00,£ 0.00,£ 0.00,£ 0.00,£ 0.00,£ 0.00,£ 0.00,£ 0.00,£ 0.00,£ 0.00,£ 0.00,£ 0.00,£ 0.00,£ 0.00
4010,STORE - Inter Company Staff Sales,£ 0.00,"£ 13,989.71",£ 0.00,"£ 8,313.98","£ 18,567.91","£ 17,261.89","£ 21,817.42",£ 0.00,"£ 15,034.15","£ 15,233.01","£ 6,276.34","£ 12,818.26","£ 7,153.18","£ 11,140.33",£ 0.00,"£ -1,022.40",£ 0.00,£ 686.20,£ 0.00,£ 0.00,£ 0.00,£ 0.00,£ 0.00,"£ 8,927.05",£ 0.00,£ 0.00
4012,OTHERS SALES,"£ 40,964.45",£ 0.00,"£ -16,975.22",£ 0.00,£ 0.00,£ 0.00,£ 0.00,"£ 16,975.22","£ 10,135.91",£ 0.00,"£ 8,564.80",£ 0.00,£ 329.79,£ 0.00,"£ 1,005.42",£ 0.00,£ 0.00,£ 0.00,£ 0.00,£ 0.00,£ 0.00,£ 0.00,£ 0.00,£ 0.00,£ 0.00,"£ 40,964.45"
4903,Insurance Claims,£ 0.00,£ 0.00,£ 500.00,£ 0.00,£ 0.00,£ 0.00,£ 0.00,£ 0.00,£ 0.00,£ 0.00,£ 422.48,£ 0.00,"£ 9,693.98",£ 0.00,£ 0.00,£ 0.00,£ 0.00,£ 0.00,£ 0.00,£ 0.00,£ 0.00,£ 0.00,£ 0.00,£ 0.00,£ 0.00,£ 0.00
4905,Competitor Intrusion Rebate,£ 0.00,£ 0.00,£ 0.00,£ 0.00,£ 0.00,£ 0.00,£ 0.00,£ 0.00,£ 0.00,£ 0.00,£ 0.00,£ 0.00,£ 0.00,£ 0.00,£ 0.00,£ 0.00,£ 0.00,£ 0.00,£ 0.00,£ 0.00,£ 0.00,£ 0.00,£ 0.00,£ 0.00,£ 0.00,£ 0.00
4905,HMRC JRS GRANT,£ 0.00,£ 0.00,£ 0.00,£ 0.00,£ 0.00,£ 0.00,£ 0.00,£ 0.00,£ 0.00,£ 0.00,£ 0.00,£ 0.00,£ 0.00,£ 0.00,£ 0.00,£ 0.00,£ 0.00,£ 0.00,£ 0.00,£ 0.00,£ 0.00,£ 0.00,£ 0.00,£ 0.00,£ 0.00,£ 0.00
4906,ICB Rebate,£ 0.00,£ 0.00,£ 0.00,£ 0.00,£ 0.00,£ 0.00,£ 0.00,£ 0.00,£ 0.00,£ 0.00,£ 0.00,£ 0.00,£ 0.00,£ 0.00,£ 0.00,£ 0.00,£ 0.00,£ 0.00,£ 0.00,£ 0.00,£ 0.00,£ 0.00,£ 0.00,£ 0.00,£ 0.00,£ 0.00
4906,Rent Income,"£ 10,325.00",£ 0.00,"£ 2,175.00",£ 150.00,"£ 2,747.00",£ 0.00,£ 175.00,£ 0.00,£ 175.00,£ 0.00,"£ 4,175.00","£ 1,175.00",£ 0.00,£ 800.00,£ 0.00,£ 842.00,"£ 3,000.00",£ 325.00,"£ 1,000.00",£ 325.00,£ 0.00,£ 325.00,"£ 2,000.00",£ 325.00,£ 0.00,"£ 10,325.00"
4906,RENTAL VEHICLE RECONSILE- ALL RDY VEHICLE,£ 0.00,£ 0.00,£ 0.00,£ 0.00,£ 0.00,£ 0.00,£ 0.00,£ 0.00,£ 0.00,£ 0.00,"£ 1,737.73",£ 0.00,£ 571.58,£ 0.00,"£ 1,092.98",£ 0.00,£ 0.00,£ 0.00,£ 108.84,£ 0.00,£ 0.00,£ 0.00,£ 0.00,£ 0.00,£ 0.00,£ 0.00
4908,Profit on sale of Motor Vehicle,£ 0.00,£ 0.00,£ 0.00,£ 0.00,£ 0.00,£ 0.00,£ 0.00,£ 0.00,£ 0.00,£ 0.00,£ 0.00,£ 0.00,£ 0.00,£ 0.00,£ 0.00,"£ 1,534.00",£ 0.00,£ 0.00,£ 0.00,£ 0.00,£ 0.00,£ 0.00,£ 0.00,£ 0.00,£ 0.00,£ 0.00
4908,SPONSERS RECEIVED,£ 0.00,£ 0.00,£ 0.00,£ 0.00,£ 0.00,£ 0.00,£ 0.00,£ 0.00,£ 0.00,£ 0.00,£ 0.00,£ 0.00,£ 0.00,£ 0.00,£ 0.00,£ 0.00,£ 0.00,£ 0.00,£ 0.00,£ 0.00,£ 0.00,£ 0.00,£ 0.00,£ 0.00,£ 0.00,£ 0.00
Total Revenue,,"£ 2,924,680.06","£ 2,795,298.92","£ 2,829,953.18","£ 2,564,639.44","£ 2,836,799.00","£ 2,737,123.38","£ 2,720,240.32","£ 2,619,455.26","£ 13,004,064.11","£ 2,733,451.24","£ 4,081,335.42","£ 2,972,719.96","£ 4,228,955.46","£ 2,797,941.47","£ 4,644,515.42","£ 17,486,380.36","£ 3,641,716.90","£ 2,479,772.60","£ 3,698,635.56","£ 2,781,563.89","£ 4,178,200.46","£ 2,973,509.74","£ 3,829,110.51","£ 2,680,050.54","£ 4,162,744.00","£ 2,924,680.06"
,,,,,,,,,,,,,,,,,,,,,,,,,,,
Cost of Sales,,,,,,,,,,,,,,,,,,,,,,,,,,,
5000,Food - Ice Cream & Drinks,"£ 29,950.24","£ 36,735.12","£ 28,714.93","£ 32,424.46","£ 35,616.35","£ 31,998.60","£ 26,710.69","£ 36,114.72","£ 507,504.42","£ 31,228.83","£ 32,639.83","£ 41,478.75","£ 37,307.31","£ 36,146.42","£ 39,471.33","£ 764,930.59","£ 32,270.29","£ 25,906.22","£ 34,654.37","£ 34,444.96","£ 42,638.22","£ 29,506.16","£ 39,023.07","£ 36,606.89","£ 36,344.09","£ 29,950.24"
5001,Food - Food with out VAT,"£ 675,930.74","£ 722,558.10","£ 678,132.35","£ 646,630.03","£ 666,697.77","£ 684,202.69","£ 639,033.26","£ 695,783.68","£ 735,322.27","£ 696,273.54","£ 1,027,763.66","£ 718,215.28","£ 982,787.55","£ 735,409.65","£ 1,151,052.69","£ 826,246.73","£ 874,698.99","£ 629,028.38","£ 906,610.12","£ 741,116.81","£ 1,004,268.46","£ 720,201.00","£ 953,611.91","£ 662,359.23","£ 997,769.57","£ 675,930.74"
5002,Food - Food Non VAT,"£ 83,575.15","£ 102,487.11","£ 84,544.86","£ 94,525.82","£ 82,365.86","£ 98,667.32","£ 77,907.72","£ 97,708.85","£ 89,960.16","£ 87,453.90","£ 120,021.92","£ 88,690.70","£ 121,331.80","£ 92,077.95","£ 143,097.52","£ 102,481.18","£ 100,946.56","£ 69,793.19","£ 108,310.04","£ 91,974.08","£ 120,729.09","£ 85,232.29","£ 117,095.14","£ 84,039.56","£ 118,629.89","£ 83,575.15"
5004,Commisary Rebate Scheme,"£ -10,854.65","£ -17,991.98","£ -12,524.03","£ -20,004.40","£ -17,975.93","£ -13,995.88","£ -14,221.66","£ -12,217.93","£ 2,712,470.22","£ -12,952.56","£ -23,257.58","£ -15,686.05","£ -20,506.68","£ -13,490.97","£ -17,441.05","£ 3,698,174.48","£ -31,897.68","£ -16,025.49","£ -18,040.88","£ -7,465.27","£ -15,519.83","£ -12,711.06","£ -24,242.15","£ -15,832.10","£ -17,727.96","£ -10,854.65"
5005,Food - Interstore food Purchases,£ -461.81,£ 167.48,£ 256.71,"£ -1,044.75",£ 58.78,"£ -1,066.90",£ 975.46,£ -31.96,"£ 2,040.84",£ -631.95,£ -21.98,£ -248.61,£ -62.12,£ 482.05,£ 0.00,"£ 65,564.32",£ 0.00,"£ 4,133.77",£ 0.00,£ -609.88,£ 0.00,£ -720.16,£ 44.14,"£ -1,159.19",£ 0.00,£ -461.81
5006,C3 National Deal - Food Cost Support,£ -99.63,£ 0.00,£ 0.00,£ 0.00,£ 0.00,£ 0.00,£ 0.00,£ 0.00,£ 0.00,"£ -23,757.47",£ -752.28,£ 0.00,"£ -8,098.24","£ 1,443.00",£ 0.00,£ 0.00,£ 0.00,£ 0.00,£ 0.00,"£ -5,751.74","£ -27,792.66",£ 0.00,£ 0.00,"£ -7,962.15",£ 0.00,£ -99.63
5007,Recharge Service Charge (VAT),"£ 1,616.20",£ 0.00,"£ 1,675.21",£ 0.00,"£ 6,859.12",£ 420.75,"£ 9,760.87",£ 0.00,"£ 15,614.79",£ 65.00,"£ 2,958.16","£ 7,033.87","£ 2,273.59","£ 3,156.34","£ 8,010.79","£ 6,142.28",£ 0.00,"£ 5,292.26","£ 5,430.18","£ 1,426.81","£ 9,953.00","£ 6,669.01","£ 3,518.61","£ 1,764.59","£ 1,532.30","£ 1,616.20"
5050,Monthly Stock Movement,£ 0.00,£ 0.00,£ 0.00,£ 0.00,£ 0.00,£ 0.00,£ 0.00,£ 0.00,£ 0.00,£ 0.00,£ 0.00,£ 0.00,"£ 11,063.04",£ 0.00,"£ -49,577.89",£ 0.00,"£ 50,813.00",£ 0.00,£ 708.50,£ 0.00,"£ 35,778.82",£ 0.00,"£ -21,835.42",£ 0.00,"£ -16,813.08",£ 0.00
5100,Food - Delivery (Dominos),"£ 37,350.39","£ 35,347.11","£ 36,804.77","£ 35,907.86","£ 38,502.56","£ 34,917.05","£ 38,581.88","£ 36,837.15","£ 47,393.92","£ 35,613.45","£ 53,678.08","£ 35,004.10","£ 51,613.04","£ 35,014.10","£ 52,311.99","£ 130,265.25","£ 54,723.11","£ 37,462.44","£ 49,375.04","£ 36,340.92","£ 53,748.01","£ 37,350.39","£ 53,240.46","£ 36,673.47","£ 55,765.80","£ 37,350.39"
5109,UBER EATS DELIVERY,"£ 2,867.82",£ 0.00,"£ 2,018.92",£ 0.00,"£ 2,379.86",£ 0.00,"£ 1,686.63",£ 0.00,"£ 2,244.07",£ 0.00,"£ 3,093.19",£ 0.00,"£ 4,856.49",£ 0.00,"£ 6,498.27",£ 0.00,"£ 10,700.68",£ 0.00,"£ 5,761.15",£ 0.00,"£ 6,377.97",£ 0.00,"£ 7,128.26",£ 18.14,"£ 8,341.57","£ 2,867.82"
5110,JUST EATS DELIVERY,"£ 8,750.55","£ 10,386.20","£ 7,143.43","£ 7,756.28","£ 11,293.18","£ 7,988.33","£ 9,320.68","£ 7,673.48","£ 8,440.17","£ 9,107.31","£ 10,914.50","£ 11,483.95","£ 14,441.62","£ 11,286.88","£ 17,078.92","£ 13,107.50","£ 22,400.10","£ 11,029.36","£ 21,727.71","£ 11,785.07","£ 26,683.61","£ 13,727.54","£ 25,314.36","£ 18,470.62","£ 17,174.94","£ 8,750.55"
5111,Direct Labour,£ 0.00,£ 0.00,£ 0.00,£ 0.00,£ 0.00,£ 0.00,£ 0.00,£ 0.00,£ 0.00,£ 0.00,£ 0.00,£ 0.00,£ 0.00,£ 0.00,£ 0.00,£ 0.00,£ 0.00,"£ 50,000.00",£ 0.00,£ 0.00,£ 0.00,£ 0.00,£ 0.00,£ 0.00,£ 0.00,£ 0.00
5112,Cost of Sales -Other,£ 0.00,£ 0.00,£ 0.00,£ 0.00,£ 0.00,£ 0.00,£ 0.00,£ 0.00,"£ 61,588.63",£ 0.00,£ 0.00,£ 0.00,£ 0.00,£ 0.00,£ 0.00,£ 0.00,£ 0.00,£ 0.00,£ 0.00,£ 0.00,£ 0.00,£ 0.00,£ 0.00,£ 0.00,£ 0.00,£ 0.00
5200,Opening Stock,"£ 175,546.77",£ 0.00,"£ 162,554.51",£ 0.00,"£ 173,511.75",£ 0.00,"£ 133,823.22",£ 0.00,"£ 261,999.91",£ 0.00,"£ 134,196.01",£ 0.00,"£ 260,693.48","£ 9,153.00",£ 0.00,"£ 101,829.00",£ 0.00,"£ 222,529.70",£ 0.00,"£ 159,464.04",£ 0.00,"£ 208,536.74",£ 0.00,"£ 159,834.44",£ 0.00,"£ 175,546.77"
5201,Closing Stock,"£ -162,554.51",£ 0.00,"£ -151,379.31",£ 0.00,"£ -183,341.20",£ 0.00,"£ -140,985.34",£ 0.00,"£ -193,406.01","£ 1,275.00","£ -194,387.26","£ -10,390.00","£ -235,323.43","£ -10,888.00",£ 0.00,"£ -113,674.00",£ 0.00,"£ -159,464.04",£ 0.00,"£ -208,536.74",£ 0.00,"£ -159,834.44",£ 0.00,"£ -175,546.77",£ 0.00,"£ -162,554.51"
5204,Direct labour,£ 0.00,£ 0.00,"£ 50,903.26",£ 0.00,£ 0.00,£ 0.00,£ 0.00,£ 0.00,£ 0.00,£ 0.00,£ 0.00,£ 0.00,£ 0.00,£ 0.00,£ 0.00,£ 0.00,£ 0.00,£ 0.00,£ 0.00,£ 0.00,£ 0.00,£ 0.00,£ 0.00,£ 0.00,£ 0.00,£ 0.00
6000,Domino's Management Service Charges,£ 0.00,£ 0.00,£ 0.00,£ 0.00,£ 0.00,£ 0.00,£ 0.00,£ 0.00,£ 0.00,£ 0.00,£ 0.00,£ 0.00,£ 0.00,£ 0.00,£ 0.00,£ 0.00,£ 0.00,£ 0.00,£ 0.00,£ 0.00,£ 0.00,£ 0.00,£ 0.00,£ 0.00,£ 0.00,£ 0.00
6201,Advertising,£ 0.00,£ 0.00,£ 0.00,£ 0.00,£ 0.00,£ 0.00,£ 0.00,£ 0.00,£ 0.00,£ 0.00,£ 0.00,£ 0.00,£ 0.00,£ 0.00,£ 0.00,£ 0.00,£ 0.00,£ 0.00,£ 0.00,£ 0.00,£ 0.00,£ 0.00,£ 0.00,£ 0.00,£ 0.00,£ 0.00
7002,Holiday pay/ Statutary Pay/ Bonus,£ 0.00,£ 0.00,£ 0.00,£ 0.00,£ 0.00,£ 0.00,£ 0.00,£ 0.00,£ 0.00,£ 0.00,£ 0.00,£ 0.00,"£ 85,837.48",£ 0.00,"£ 78,099.21",£ 0.00,"£ 91,887.74",£ 0.00,"£ 81,538.43",£ 0.00,"£ 156,613.66",£ 0.00,£ 0.00,£ 0.00,£ 0.00,£ 0.00
7003,Employer NICs/ Pension- Recharge,£ 0.00,£ 0.00,£ 0.00,£ 0.00,£ 0.00,£ 0.00,£ 0.00,£ 0.00,£ 0.00,£ 0.00,£ 0.00,£ 0.00,"£ 1,233.73",£ 0.00,"£ 1,365.80",£ 0.00,"£ 1,075.14",£ 0.00,£ 983.26,£ 0.00,£ 0.00,£ 0.00,£ 5.74,£ 0.00,£ 30.01,£ 0.00
7004,Wages - Regular,"£ 830,885.67","£ 807,352.23","£ 854,934.87","£ 760,647.49","£ 814,292.90","£ 794,766.24","£ 813,236.11","£ 763,827.46","£ 4,540,408.40","£ 797,728.31","£ 1,232,347.18","£ 826,452.06","£ 1,098,819.20","£ 810,913.86","£ 1,181,161.05","£ 5,533,915.07","£ 1,025,428.71","£ 755,377.16","£ 992,097.62","£ 817,714.39","£ 1,062,834.69","£ 880,084.90","£ 1,015,694.47","£ 832,131.36","£ 1,046,066.52","£ 830,885.67"
7005,Wages - Inter Company Staff Hire,"£ -8,835.36","£ 6,582.81","£ -7,977.02",£ 0.00,£ 0.00,"£ 6,118.73","£ 4,894.56",£ 0.00,£ 0.00,"£ 2,490.65",£ 0.00,"£ 1,403.29","£ 11,456.69","£ 3,055.21","£ 16,108.00","£ 93,698.94","£ 12,409.06",£ -596.07,"£ 7,092.94",£ -74.01,"£ 19,108.62",£ -217.36,"£ 17,953.34","£ -1,131.82","£ 5,972.43","£ -8,835.36"
7006,Wages - Employers N.I. (Non-Directors),"£ 57,121.03","£ 51,700.68","£ 60,518.12","£ 46,654.09","£ 56,902.73","£ 50,004.18","£ 56,184.12","£ 48,403.57","£ 54,649.14","£ 50,788.13","£ 74,924.16","£ 52,080.17","£ 74,656.87","£ 50,532.61","£ 80,608.63","£ 56,733.33","£ 68,762.19","£ 48,670.36","£ 62,945.41","£ 53,130.07","£ 118,745.35","£ 58,534.99","£ 104,130.49","£ 55,219.35","£ 110,514.56","£ 57,121.03"
7007,Wages - Employers Pensions,"£ 9,154.21","£ 9,814.19","£ 9,304.74","£ 9,309.84","£ 8,558.55","£ 9,630.53","£ 8,048.69","£ 9,025.80","£ 118,900.87","£ 9,242.94","£ 17,326.45","£ 69,621.35","£ 13,596.84","£ 9,231.24","£ 13,704.18","£ 10,296.73","£ 11,676.75","£ 58,873.76","£ 10,580.84","£ 9,905.96","£ 12,956.96","£ 9,832.26","£ 10,584.98","£ 8,574.64","£ 10,520.26","£ 9,154.21"
7009,Holiday Pay,£ 0.00,£ 0.00,£ 0.00,£ 0.00,£ 0.00,£ 0.00,£ 0.00,£ 0.00,£ 0.00,£ -10.00,£ 0.00,£ 20.00,£ 0.00,£ 0.00,£ 0.00,£ 10.00,£ 0.00,£ 9.00,£ 0.00,£ 0.00,£ 0.00,£ -8.22,"£ 51,326.99",£ 0.00,"£ 53,988.95",£ 0.00
7010,Bonus Pay,£ 0.00,£ 0.00,£ 0.00,£ 0.00,£ 0.00,£ 0.00,£ 0.00,£ 0.00,£ 0.00,£ 0.00,£ 0.00,£ 0.00,£ 0.00,£ 0.00,£ 0.00,£ 0.00,£ 0.00,£ 0.00,£ 0.00,£ 0.00,£ 0.00,£ 0.00,"£ 14,612.47",£ 0.00,"£ 17,505.03",£ 0.00
7011,Statuary & Other payment,£ 0.00,£ 0.00,£ 0.00,£ 0.00,£ 0.00,£ 0.00,£ 0.00,£ 0.00,£ 0.00,£ 0.00,£ 0.00,£ 0.00,£ 0.00,£ 0.00,£ 0.00,£ 0.00,£ 0.00,£ 0.00,£ 0.00,£ 0.00,£ 0.00,£ 0.00,"£ 6,007.03",£ 0.00,"£ 3,210.94",£ 0.00
7013,Staff Training Cost,£ 0.00,£ 0.00,£ 0.00,£ 0.00,£ 0.00,£ 0.00,£ 0.00,£ 0.00,£ 0.00,£ 0.00,£ 300.00,£ 0.00,£ 0.00,£ 0.00,£ 0.00,£ 0.00,£ 250.00,£ 0.00,£ 0.00,£ 0.00,£ 0.00,£ 0.00,£ 250.00,£ 0.00,£ 0.00,£ 0.00
7104,Property - Premises Insurance,£ 0.00,£ 0.00,£ 0.00,£ 0.00,£ 0.00,£ 0.00,£ 0.00,£ 0.00,£ 0.00,£ 0.00,£ 0.00,£ 0.00,£ 0.00,£ 0.00,£ 0.00,£ 0.00,£ 0.00,£ 0.00,£ 0.00,£ 0.00,£ 0.00,£ 0.00,£ 0.00,£ 0.00,£ 0.00,£ 0.00
7700,New Stores Project Cost,£ 0.00,£ 0.00,£ 0.00,£ 0.00,£ 0.00,£ 0.00,£ 0.00,£ 0.00,"£ 12,946.00",£ 0.00,£ 0.00,£ 0.00,£ 0.00,£ 0.00,£ 0.00,£ 0.00,£ 0.00,£ 0.00,£ 0.00,£ 0.00,£ 0.00,£ 0.00,£ 0.00,£ 0.00,£ 0.00,£ 0.00
7700,Stores Mangement Cost,£ 0.00,£ 0.00,£ 0.00,£ 0.00,£ 0.00,£ 0.00,£ 0.00,£ 0.00,£ 0.00,£ 0.00,£ 0.00,£ 0.00,"£ 27,411.59",£ 0.00,£ 0.00,£ 0.00,£ 0.00,£ 0.00,£ 0.00,£ 0.00,£ 0.00,£ 0.00,£ 0.00,£ 0.00,£ 0.00,£ 0.00
10000,Packaging,£ 0.00,£ 0.00,£ 0.00,£ 0.00,£ 0.00,£ 0.00,£ 0.00,£ 0.00,£ 0.00,£ 0.00,£ 0.00,£ 0.00,£ 0.00,£ 0.00,£ 0.00,£ 0.00,£ 0.00,£ 0.00,£ 0.00,£ 0.00,£ 0.00,£ 0.00,£ 0.00,£ 0.00,£ 0.00,£ 0.00
Total Cost of Sales,,"£ 1,729,942.81","£ 1,765,139.05","£ 1,805,626.32","£ 1,612,806.72","£ 1,695,722.28","£ 1,703,651.64","£ 1,664,956.89","£ 1,683,124.82","£ 8,978,077.80","£ 1,683,915.08","£ 2,491,744.04","£ 1,825,158.86","£ 2,535,389.85","£ 1,773,523.34","£ 2,721,549.44","£ 11,289,721.40","£ 2,326,144.64","£ 1,742,020.00","£ 2,269,774.73","£ 1,734,865.47","£ 2,627,123.97","£ 1,876,184.04","£ 2,373,463.89","£ 1,694,060.26","£ 2,448,825.82","£ 1,729,942.81"
,,,,,,,,,,,,,,,,,,,,,,,,,,,
Gross Profit,,"£ 1,194,737.25","£ 1,030,159.87","£ 1,024,326.86","£ 951,832.72","£ 1,141,076.72","£ 1,033,471.74","£ 1,055,283.43","£ 936,330.44","£ 4,025,986.31","£ 1,049,536.16","£ 1,589,591.38","£ 1,147,561.10","£ 1,693,565.61","£ 1,024,418.13","£ 1,922,965.98","£ 6,196,658.96","£ 1,315,572.26","£ 737,752.60","£ 1,428,860.83","£ 1,046,698.42","£ 1,551,076.49","£ 1,097,325.70","£ 1,455,646.62","£ 985,990.28","£ 1,713,918.18","£ 1,194,737.25"
,,,,,,,,,,,,,,,,,,,,,,,,,,,
WAGES,,£ 0.00,£ 0.00,£ 0.00,£ 0.00,£ 0.00,£ 0.00,£ 0.00,£ 0.00,£ 0.00,£ 0.00,£ 0.00,£ 0.00,£ 0.00,£ 0.00,£ 0.00,£ 0.00,£ 0.00,£ 0.00,£ 0.00,£ 0.00,£ 0.00,£ 0.00,£ 0.00,£ 0.00,£ 0.00,£ 0.00
,,,,,,,,,,,,,,,,,,,,,,,,,,,
Expenses,,,,,,,,,,,,,,,,,,,,,,,,,,,
5010,Nij stores exp- before 9/10/24 invoices,£ 0.00,£ 0.00,£ 0.00,£ 0.00,£ 0.00,£ 0.00,£ 0.00,£ 0.00,£ 0.00,£ 0.00,"£ 8,973.00",£ 0.00,£ 902.84,£ 0.00,£ 0.00,£ 0.00,£ 0.00,£ 0.00,£ 0.00,£ 0.00,"£ -7,041.89",£ 0.00,£ 0.00,£ 0.00,£ 0.00,£ 0.00
6000,Domino's Management Service Charges,£ 0.00,£ 0.00,£ 0.00,£ 0.00,£ 0.00,£ 0.00,£ 216.52,£ 0.00,£ 224.57,£ 0.00,£ 0.00,£ 0.00,"£ 2,190.18",£ 0.00,£ 0.00,£ 486.00,£ 0.00,£ 0.00,£ 0.00,£ 350.00,£ 0.00,£ 0.00,£ 0.00,£ 0.00,£ 0.00,£ 0.00
6001,Dominos - Advertising Levy,"£ 101,397.39","£ 101,294.27","£ 132,128.27","£ 91,785.32","£ 103,647.07","£ 122,179.88","£ 93,725.65","£ 94,786.68","£ 157,672.72","£ 96,558.00","£ 161,360.45","£ 132,174.77","£ 163,661.20","£ 106,589.74","£ 218,558.85","£ 211,684.15","£ 139,353.47","£ 91,241.30","£ 143,389.25","£ 107,412.29","£ 189,242.58","£ 129,641.77","£ 145,762.95","£ 101,002.10","£ 142,340.00","£ 101,397.39"
6002,Dominos - Royalties,"£ 139,421.38","£ 139,279.64","£ 181,672.36","£ 131,704.71","£ 142,514.69","£ 167,997.27","£ 127,939.59","£ 130,332.96","£ 959,552.87","£ 132,765.94","£ 201,372.03","£ 181,740.35","£ 207,405.11","£ 146,560.88","£ 283,656.63","£ 1,499,575.71","£ 191,175.59","£ 125,456.79","£ 197,160.17","£ 147,691.90","£ 260,208.47","£ 178,257.47","£ 200,423.92","£ 139,524.21","£ 195,717.38","£ 139,421.38"
6005,Dominos - Other Admin and Marketing Charges,£ 0.00,£ 0.00,£ 0.00,£ 0.00,£ 0.00,£ 0.00,£ 0.00,£ 0.00,£ 0.00,£ 0.00,£ 0.00,£ 0.00,£ 0.00,£ 0.00,£ 0.00,£ 0.00,"£ 6,812.00",£ 0.00,£ 0.00,£ 0.00,£ 0.00,£ 0.00,£ 0.00,£ 0.00,£ 0.00,£ 0.00
6005,Dominos - Other Admin and Marketing Charges,£ 0.00,£ 0.00,£ 0.00,£ 0.00,£ 0.00,£ 0.00,£ 0.00,£ 0.00,£ 0.00,£ 0.00,£ 0.00,£ 0.00,£ 0.00,£ 0.00,£ 0.00,£ 0.00,£ 350.00,£ 0.00,£ 0.00,£ 0.00,£ 0.00,£ 0.00,£ 0.00,£ 0.00,£ 0.00,£ 0.00
6005,Other Admin and Marketing Charges,£ 0.00,£ 350.00,£ 350.00,£ 0.00,£ 0.00,£ 0.00,£ 0.00,£ 0.00,£ 0.00,£ 0.00,£ 0.00,£ 0.00,£ 0.00,£ 0.00,£ 0.00,£ 0.00,£ 0.00,£ 0.00,£ 0.00,£ 0.00,£ 0.00,£ 0.00,£ 0.00,£ 0.00,£ 0.00,£ 0.00
6006,Dominos - STORE DEVELOPMENT,£ 0.00,£ 0.00,£ 0.00,£ 0.00,£ 0.00,£ 0.00,£ 0.00,"£ 11,393.83",£ 0.00,£ 0.00,£ 0.00,£ 0.00,£ 0.00,£ 0.00,£ 0.00,£ 0.00,£ 0.00,£ 760.00,£ 0.00,£ 0.00,£ 0.00,£ 0.00,£ 0.00,£ 0.00,£ 0.00,£ 0.00
6007,Dominos - GPRS,£ 0.00,"£ 3,445.06",£ 0.00,"£ 3,108.29",£ 0.00,£ 839.48,£ 0.00,£ 0.00,"£ 1,933.00",£ 0.00,£ 0.00,£ 0.00,£ 0.00,£ 0.00,£ 0.00,"£ 7,095.00",£ 0.00,£ 0.00,£ 0.00,£ 0.00,£ 0.00,£ 0.00,£ 0.00,£ 0.00,£ 0.00,£ 0.00
6200,Sales Promotions: Text Management,"£ 26,377.29","£ 22,817.52","£ 11,909.76","£ 27,436.49","£ 16,145.63","£ 16,246.40","£ 33,048.52","£ 25,430.15","£ 72,069.85","£ 61,525.94","£ 40,693.48","£ 48,573.79","£ 58,357.60","£ 59,381.04","£ 31,802.42","£ 17,837.74","£ 42,821.02","£ 30,893.68","£ 31,808.73","£ 47,665.06","£ 36,260.31","£ 19,134.96","£ 43,424.57","£ 31,120.70","£ 23,597.77","£ 26,377.29"
6201,Advertising,£ 0.00,£ 0.00,£ 0.00,£ 0.00,£ 0.00,£ 0.00,£ 0.00,"£ 1,411.42","£ 276,627.67",£ 725.87,£ 0.00,£ 829.57,£ 0.00,£ 386.51,£ 0.00,"£ 166,363.00",£ 491.59,£ 0.00,£ 0.00,"£ 1,083.37",£ 0.00,£ 0.00,£ 0.00,£ 0.00,£ 0.00,£ 0.00
6201,Advertising- Other Promotion,£ 0.00,£ 0.00,£ 0.00,£ 0.00,£ 0.00,£ 0.00,£ 0.00,£ 0.00,£ 0.00,£ 0.00,£ 0.00,£ 0.00,£ 0.00,£ 0.00,£ 0.00,£ 0.00,£ 0.00,£ 0.00,£ 0.00,£ 0.00,£ 0.00,£ 0.00,£ 0.00,£ 0.00,£ 0.00,£ 0.00
6202,Sales Promotions- Paragon,£ 0.00,£ 0.00,£ 0.00,£ 0.00,£ 0.00,£ 0.00,£ 0.00,£ 0.00,£ 0.00,£ 0.00,£ 0.00,£ 0.00,£ 0.00,£ 0.00,£ 0.00,£ 0.00,"£ 8,796.70",£ 0.00,"£ 2,868.00",£ 0.00,"£ 67,586.83",£ 0.00,£ 0.00,£ 0.00,"£ 25,561.24",£ 0.00
6203,Sales Promotions- Leaflet,£ 0.00,£ 0.00,£ 0.00,£ 0.00,£ 0.00,£ 0.00,£ 0.00,£ 0.00,£ 0.00,£ 0.00,£ 0.00,£ 0.00,£ 0.00,£ 0.00,£ 0.00,£ 0.00,"£ 10,709.31",£ 0.00,"£ 32,851.59","£ 1,157.04","£ 34,775.84",£ 0.00,£ 0.00,£ 0.00,"£ 43,221.52",£ 0.00
6204,Sales and Promotion- Others,£ 0.00,£ 0.00,£ 0.00,£ 0.00,£ 0.00,£ 0.00,£ 0.00,£ 0.00,£ 0.00,£ 0.00,£ 0.00,£ 0.00,£ 0.00,£ 0.00,£ 0.00,£ 0.00,"£ 3,214.09",£ 0.00,£ 833.33,£ 0.00,£ 949.99,£ 0.00,"£ 8,533.33",£ 0.00,£ 833.33,£ 0.00
6300,Dominos - Interactive Management Charge,"£ 17,179.24","£ 23,412.75","£ 22,454.85","£ 16,516.84","£ 17,972.29","£ 23,841.16","£ 16,826.43","£ 19,429.32","£ 24,657.65","£ 16,591.46","£ 25,096.45","£ 22,821.67","£ 25,875.33","£ 18,460.48","£ 35,907.41","£ 24,787.06","£ 24,161.58","£ 15,204.19","£ 24,646.41","£ 19,442.63","£ 32,828.24","£ 22,539.88","£ 25,189.17","£ 16,713.40","£ 24,555.87","£ 17,179.24"
6301,Dominos - INTERACTIVE CHARGES,"£ 14,334.64","£ 14,463.27","£ 18,647.83","£ 13,779.97","£ 14,938.11","£ 17,316.91","£ 12,660.84","£ 13,748.55","£ 20,620.13","£ 13,830.55","£ 21,147.17","£ 19,011.39","£ 21,697.17","£ 15,334.41","£ 30,212.08","£ 20,464.99","£ 20,323.29","£ 13,763.30","£ 20,712.48","£ 14,737.20","£ 27,090.96","£ 18,581.43","£ 20,404.86","£ 15,273.22","£ 19,974.51","£ 14,334.64"
6302,Pensions,£ 0.00,£ 0.00,£ 0.00,£ 0.00,£ 0.00,£ 0.00,£ 0.00,£ 0.00,£ 0.00,£ 0.00,£ 0.00,"£ 60,000.00",£ 0.00,£ 0.00,£ 0.00,£ 0.00,£ 0.00,£ 0.00,£ 0.00,£ 0.00,£ 0.00,£ 0.00,£ 0.00,£ 0.00,£ 0.00,£ 0.00
6900,Miscellaneous Expenses,£ 0.00,£ 0.00,£ 0.00,£ 0.00,£ 0.00,£ 0.00,£ 0.00,"£ 2,787.84",£ 0.00,£ 108.93,£ 0.00,£ 0.00,£ 0.00,£ 0.00,£ 0.00,£ 0.00,£ 0.00,£ 0.00,£ 0.00,£ 0.00,£ 0.00,£ 0.00,£ 0.00,£ 0.00,£ 0.00,£ 0.00
7000,Gross Wages,£ 0.00,£ 0.00,£ 0.00,£ 0.00,£ 0.00,£ 0.00,£ 0.00,£ 0.00,£ 0.00,£ 0.00,£ 0.00,£ 0.00,£ 0.00,£ 0.00,£ 0.00,£ 0.00,£ 0.00,£ 0.00,£ 0.00,£ 0.00,£ 0.00,£ 0.00,£ 0.00,£ 0.00,£ 0.00,£ 0.00
7003,Directors Remuneration,£ 0.00,£ 0.00,£ 0.00,£ 0.00,£ 0.00,£ 0.00,£ 0.00,£ 0.00,£ 0.00,£ 0.00,£ 0.00,£ 0.00,£ 0.00,£ 0.00,£ 0.00,"£ 200,850.00",£ 0.00,£ 0.00,£ 0.00,£ 0.00,£ 0.00,£ 0.00,£ 0.00,£ 0.00,£ 0.00,£ 0.00
7008,Head Office Payroll (Area Manager),£ 0.00,£ 0.00,£ 0.00,£ 0.00,£ 0.00,£ 0.00,£ 0.00,£ 0.00,£ 0.00,£ 0.00,£ 0.00,£ 0.00,£ 0.00,£ 0.00,£ 0.00,£ 0.00,£ 0.00,£ 0.00,£ 0.00,£ 0.00,£ 0.00,£ 0.00,£ 0.00,£ 0.00,£ 0.00,£ 0.00
7008,HEAD OFFICE PAYROLL (AREA MANAGER),£ 0.00,£ 0.00,£ 0.00,£ 0.00,£ 0.00,£ 0.00,£ 0.00,£ 0.00,£ 0.00,£ 0.00,£ 0.00,£ 0.00,£ 0.00,£ 0.00,"£ 6,002.93",£ 0.00,£ 0.00,"£ 1,886.90",£ 0.00,£ 0.00,£ 0.00,£ 0.00,£ 0.00,£ 0.00,£ 0.00,£ 0.00
7013,Staff Training Cost,£ 0.00,£ 0.00,£ 150.00,£ 300.00,£ 0.00,£ 500.00,£ 0.00,£ 0.00,"£ 7,603.00",£ 250.00,£ 300.00,£ 0.00,£ 0.00,£ 250.00,£ 0.00,"£ 18,087.00",£ 250.00,£ 0.00,£ 300.00,£ 0.00,£ 0.00,£ 0.00,£ 500.00,£ 0.00,£ 0.00,£ 0.00
7100,Property - Rent,"£ 62,255.01","£ 10,948.66","£ 62,148.98","£ 161,396.63","£ 54,755.01",£ 0.00,"£ 55,056.93","£ 8,463.32","£ 303,972.53","£ 51,213.81","£ 60,796.67","£ 45,442.55","£ 59,963.34","£ 44,198.10","£ 93,525.27","£ 392,405.48","£ 79,770.84","£ 55,870.01","£ 83,381.12","£ 92,492.79","£ 93,975.49","£ 63,681.48","£ 79,770.84","£ 60,083.98","£ 82,706.52","£ 62,255.01"
7101,Property - Business Rates,"£ 5,331.23","£ 3,877.21","£ 5,035.91","£ 2,330.96","£ 4,893.45","£ 4,441.48","£ 5,253.45","£ 4,581.48","£ 46,166.95","£ 4,621.48","£ 7,812.68","£ 4,621.48","£ 3,971.05","£ 4,801.48","£ 3,791.05","£ 111,775.48","£ 4,857.97","£ 4,801.48","£ 5,421.97","£ 3,551.86","£ 6,376.41","£ 9,435.54","£ 16,494.92","£ 3,914.29","£ 22,560.07","£ 5,331.23"
7103,Property - Service Charges,£ 0.00,"£ 4,586.35",£ 0.00,"£ 16,579.40",£ 0.00,"£ 1,993.17",£ 0.00,£ 682.38,"£ 11,584.52","£ 2,471.34","£ 1,381.00","£ 2,492.48",£ 310.00,£ 292.88,£ 0.00,£ 0.00,£ 0.00,£ 0.00,£ 0.00,£ 797.72,"£ 3,956.46",£ 0.00,"£ 1,978.23",£ 680.49,"£ 1,978.23",£ 0.00
7104,Property - Premises Insurance,£ 0.00,£ 0.00,£ 0.00,£ 0.00,£ 0.00,£ 0.00,£ 819.03,£ 0.00,£ 0.00,£ 779.96,£ 0.00,£ 235.37,£ 0.00,£ 0.00,£ 0.00,£ 0.00,£ 0.00,£ 0.00,£ 0.00,£ 768.74,£ 0.00,£ 0.00,£ 0.00,£ 0.00,£ 0.00,£ 0.00
7105,Property - Security,"£ 3,882.55",£ 194.00,"£ 5,383.60","£ 5,762.47","£ 3,219.87","£ 2,622.17","£ 4,251.73","£ 8,854.18",£ 500.05,"£ 1,704.34","£ 8,059.10","£ 1,827.63","£ 1,118.50","£ 5,269.75",£ 383.88,"£ 9,678.77","£ 6,955.85","£ 4,505.57","£ 6,560.08","£ 1,542.21","£ 6,423.56","£ 1,506.08","£ 1,654.29","£ 3,048.34","£ 2,095.00","£ 3,882.55"
7107,Stamp Duty,£ 0.00,£ 0.00,£ 0.00,£ 0.00,£ 0.00,£ 0.00,£ 0.00,£ 0.00,£ 0.00,£ 0.00,£ 0.00,£ 0.00,£ 0.00,£ 0.00,£ 0.00,£ 0.00,£ 0.00,£ 0.00,£ 0.00,£ 0.00,£ 0.00,£ 0.00,"£ 2,167.00",£ 0.00,£ 0.00,£ 0.00
7200,Utilities - Electricity,"£ 36,793.13","£ 27,342.17","£ 28,907.01","£ 27,855.75","£ 32,633.92","£ 30,862.81","£ 38,677.47","£ 32,935.48","£ 423,071.66","£ 37,639.22","£ 51,530.40","£ 37,423.26","£ 66,402.50","£ 36,423.25","£ 99,279.86","£ 492,772.50","£ 68,403.50","£ 38,667.21","£ 69,221.54","£ 39,341.25","£ 59,890.95","£ 34,709.68","£ 69,169.25","£ 36,299.76","£ 62,182.31","£ 36,793.13"
7201,Utilities - Gas,"£ 18,481.44","£ 17,514.11","£ 25,386.24","£ 16,069.50","£ 17,068.45","£ 13,702.34","£ 15,871.74","£ 14,617.77","£ 26,568.19","£ 15,628.88","£ 26,125.09","£ 13,838.07","£ 27,320.89","£ 17,438.60","£ 55,791.20","£ 19,175.18","£ 44,295.30","£ 22,219.48","£ 34,800.40","£ 25,097.40","£ 31,987.76","£ 20,939.77","£ 47,791.77","£ 31,493.88","£ 44,045.87","£ 18,481.44"
7203,Utilities - Water Rates,"£ 2,286.42","£ 3,301.96","£ 2,885.58","£ 4,945.69","£ 3,071.46","£ 2,719.20","£ 2,730.13","£ 1,272.46","£ 3,639.49","£ -1,901.85","£ 6,387.43","£ 5,366.63","£ 4,569.15","£ 5,758.71","£ 5,685.34","£ 6,993.91","£ 7,326.51","£ 4,108.29","£ 8,243.25","£ 4,198.06","£ 6,840.85","£ 3,914.25","£ 8,070.10","£ 2,645.24","£ 8,446.20","£ 2,286.42"
7204,Carbon Tax,£ 89.95,£ 89.95,£ 89.95,£ 89.95,£ 179.90,£ 89.95,£ 179.90,£ 89.95,£ 179.90,£ 89.95,£ 179.90,£ 89.95,£ 179.90,£ 89.95,£ 0.00,£ 89.95,£ 0.00,£ 89.95,£ 0.00,£ 89.95,£ 0.00,£ 89.95,£ 0.00,£ 89.95,£ 0.00,£ 89.95
7300,Vehicle Fuel,£ 0.00,£ 71.48,£ 0.00,£ 0.00,£ 380.01,£ 77.13,£ 25.00,£ 0.00,£ 81.67,£ 0.00,£ 0.00,£ 0.00,£ 38.41,£ 438.62,£ 700.32,£ 299.80,£ 103.26,£ 166.67,£ 0.00,£ 45.18,£ 0.00,£ 3.50,£ 98.95,£ 0.00,£ 25.00,£ 0.00
7301,MILEAGE - Vehicle Repairs and Servicing,"£ 9,902.56","£ 10,568.38","£ 9,424.01","£ 9,687.28","£ 9,317.79","£ 9,985.28","£ 11,271.68","£ 9,434.51","£ 15,758.84","£ 8,904.32","£ 9,478.69","£ 10,083.53","£ 7,974.94","£ 9,155.63",£ 688.75,"£ 10,756.47","£ 3,337.10","£ 8,795.12","£ 2,507.50","£ 9,666.69","£ 7,580.38","£ 10,099.42","£ 3,657.19","£ 8,960.69","£ 2,923.38","£ 9,902.56"
7302,MILEAGE - Mileage Claims,"£ 71,726.54","£ 77,108.72","£ 70,762.49","£ 67,554.64","£ 68,417.44","£ 71,202.04","£ 66,025.38","£ 66,177.15","£ 62,516.54","£ 126,782.32","£ 116,654.78","£ 73,674.44","£ 123,813.73","£ 68,667.31","£ 157,337.04","£ 80,154.76","£ 110,130.13","£ 118,559.23","£ 105,943.24","£ 72,454.25","£ 116,254.77","£ 75,530.41","£ 96,427.91","£ 67,484.03","£ 104,976.19","£ 71,726.54"
7304,Car Allowance,£ 0.00,£ 0.00,£ 0.00,£ 0.00,£ 0.00,£ 0.00,£ 0.00,£ 0.00,£ 0.00,£ 0.00,£ 0.00,£ 0.00,£ 0.00,£ 0.00,£ 0.00,£ 0.00,£ 0.00,£ 0.00,£ 0.00,£ 0.00,£ 0.00,£ 0.00,£ 0.00,£ 0.00,£ 0.00,£ 0.00
7304,Miscellaneous Motor Expenses,£ 0.00,£ 0.00,"£ 23,929.27",£ 0.00,£ 247.14,£ 0.00,£ 0.00,£ 0.00,£ 0.00,£ 0.00,£ 0.00,£ 0.00,£ 0.00,£ 0.00,£ 0.00,£ 0.00,£ 0.00,£ 0.00,£ 0.00,£ 0.00,£ 0.00,£ 0.00,£ 0.00,£ 0.00,£ 0.00,£ 0.00
7305,Congestion Charges,£ 0.00,£ 0.00,£ 0.00,£ 0.00,£ 0.00,£ 0.00,£ 0.00,£ 0.00,£ 0.00,£ 43.63,£ 0.00,£ 0.00,£ 0.00,£ 20.00,£ 0.00,£ 20.00,£ 0.00,£ 20.00,£ 0.00,£ 20.00,£ 0.00,£ 20.00,£ 0.00,£ 0.00,£ 0.00,£ 0.00
7306,Motor and Delivery Expenses,£ 0.00,£ 0.00,£ 0.00,£ 0.00,£ 0.00,£ 0.00,£ 0.00,£ 0.00,"£ 373,204.00",£ 0.00,£ 0.00,£ 0.00,£ 0.00,£ 0.00,£ 80.00,"£ 588,293.00",£ 0.00,£ 0.00,£ 0.00,£ 0.00,£ 0.00,£ 0.00,£ 0.00,£ 0.00,£ 0.00,£ 0.00
7307,COVID 19 MILEAGE,£ 0.00,£ 0.00,£ 0.00,£ 0.00,£ 0.00,£ 0.00,£ 0.00,£ 0.00,£ 0.00,£ 0.00,£ 0.00,£ 0.00,£ 0.00,£ 0.00,£ 0.00,£ 0.00,£ 0.00,£ 0.00,£ 0.00,£ 0.00,£ 0.00,£ 0.00,£ 0.00,£ 0.00,£ 0.00,£ 0.00
7307,MILEAGE PAID,£ 0.00,£ 0.00,£ 0.00,£ 0.00,£ 0.00,£ 0.00,£ 0.00,£ 0.00,£ 0.00,£ 0.00,£ 0.00,£ 0.00,£ 0.00,£ 0.00,£ 0.00,£ 0.00,£ 0.00,£ 0.00,£ 0.00,£ 0.00,£ 0.00,£ 0.00,£ 0.00,£ 0.00,£ 0.00,£ 0.00
7400,Travelling,£ 20.62,£ 576.67,£ 28.73,£ 35.78,£ 48.73,£ 38.41,"£ -1,343.91",£ 40.89,"£ 2,184.33",£ 260.24,£ 137.12,£ 330.63,£ 85.56,£ 0.00,£ 153.27,"£ 10,035.55",£ 790.54,£ 178.93,£ 72.00,£ 444.07,£ 426.69,£ 160.68,£ 29.25,£ 4.19,£ 787.78,£ 20.62
7401,Car Hire,"£ 3,556.29","£ 3,587.84","£ 14,761.71","£ 4,220.73","£ 12,742.23","£ 10,381.24","£ 12,427.43",£ 348.75,"£ 15,156.18","£ 5,082.36","£ 6,694.65","£ 2,768.11","£ 12,087.51","£ 4,141.34","£ 11,738.14","£ 4,960.86","£ 1,619.09","£ 3,555.55","£ 12,699.56","£ 1,966.30","£ 17,236.37","£ 3,138.80","£ 12,249.12","£ 3,346.30","£ 12,159.88","£ 3,556.29"
7402,Hotels,£ 0.00,£ 0.00,£ 0.00,£ 302.41,£ 0.00,£ 0.00,£ 0.00,"£ 1,170.00",£ 0.00,£ 0.00,£ 0.00,£ 236.83,£ 0.00,£ 0.00,£ 0.00,£ 0.00,£ 0.00,"£ 1,017.17",£ 0.00,£ 0.00,£ 0.00,£ 0.00,£ 0.00,£ 0.00,£ 0.00,£ 0.00
7403,BIKE RENTAL- ELECTRIC MOPED,"£ 5,759.91",£ 520.00,"£ 6,916.86","£ 1,366.75","£ 7,945.28","£ 2,396.25","£ 7,011.85","£ 4,885.07","£ 7,962.97","£ 4,813.70","£ 7,964.19","£ 5,370.96","£ 10,990.85","£ 7,724.22","£ 12,096.93","£ 6,791.91","£ 11,487.13","£ 6,046.87","£ 13,173.66","£ 8,137.08","£ 11,248.02","£ 7,414.50","£ 11,248.02","£ 8,391.33","£ 11,212.02","£ 5,759.91"
7407,Parking,£ 15.00,£ 60.82,£ 32.10,£ -47.90,£ 0.00,£ 0.00,£ 180.17,£ 120.00,£ 25.70,£ 98.77,£ 30.83,£ 59.34,£ 0.00,£ 61.06,£ 26.29,£ 132.46,£ 0.00,£ 6.67,£ 0.00,£ 12.50,£ 0.00,£ 32.10,£ 0.00,£ -32.00,£ 0.00,£ 15.00
7500,Printing,£ 0.00,£ 0.00,£ 0.00,£ 0.00,£ 0.00,£ 0.00,£ 0.00,£ 0.00,£ 0.00,£ 0.00,£ 0.00,£ 0.00,£ 0.00,£ 0.00,£ 23.32,£ 0.00,£ 0.00,£ 0.00,£ 0.00,£ 0.00,£ 0.00,£ 0.00,£ 0.00,£ 0.00,£ 0.00,£ 0.00
7501,Postage and Carriage,£ 0.00,£ 0.00,£ 0.00,£ 0.00,£ 0.00,£ 0.00,£ 0.00,£ 0.00,£ 0.00,£ 0.00,£ 0.00,£ 0.00,£ 0.00,£ 0.00,£ 0.00,£ 0.00,£ 0.00,£ 0.00,£ 0.00,£ 0.00,£ 31.90,£ 0.00,£ 0.00,£ 0.00,£ 0.00,£ 0.00
7502,Printing and Stationery,£ 11.66,£ 11.66,£ 54.97,£ 19.99,£ 11.66,£ 101.61,£ 218.31,£ 31.65,£ 154.95,£ 175.96,£ 311.58,£ 31.65,£ 124.10,£ 23.32,£ 146.60,£ 58.30,£ 118.26,£ 0.00,£ 83.31,£ 195.18,£ 240.79,£ 143.33,£ 86.65,£ 224.12,£ 106.61,£ 11.66
7504,Dominos - Computer Support,"£ 10,144.34","£ 6,622.69","£ 12,616.75","£ 6,733.44","£ 10,450.61","£ 11,497.77","£ 9,486.16","£ 9,762.42","£ 13,932.83","£ 18,878.02","£ 13,718.64","£ 19,909.80","£ 13,740.97","£ 10,024.98","£ 23,770.57","£ 12,855.50","£ 14,111.68","£ 9,831.09","£ 14,168.73","£ 10,409.61","£ 17,890.82","£ 12,800.83","£ 14,152.81","£ 10,164.22","£ 14,116.96","£ 10,144.34"
7550,Telephone and Fax,"£ 5,230.70","£ 5,419.92","£ 5,203.37","£ 5,254.11","£ 5,496.32","£ 5,059.93","£ 5,288.54","£ 7,048.87","£ 29,213.13","£ 4,946.95","£ 6,953.86","£ 5,847.17","£ 7,520.63","£ 4,833.45","£ 7,235.85","£ 29,721.61","£ 7,396.47","£ 4,743.29","£ 7,093.86","£ 6,277.15","£ 7,508.60","£ 5,455.90","£ 7,454.22","£ 5,601.25","£ 7,652.25","£ 5,230.70"
7551,Internet Charges,£ 0.00,£ 65.86,£ 0.00,£ 65.86,£ 0.00,£ 0.00,£ 0.00,£ 0.00,"£ 122,488.00",£ 0.00,£ 0.00,£ 0.00,£ 0.00,£ 0.00,£ 0.00,"£ 167,019.00",£ 0.00,£ 0.00,£ 0.00,£ 0.00,£ 0.00,£ 0.00,£ 0.00,£ 0.00,£ 0.00,£ 0.00
7552,Computers & Software,£ 0.00,£ 413.83,£ 0.00,"£ 1,894.63",£ 0.00,£ 419.44,£ 0.00,£ 151.92,"£ 24,899.00",£ 0.00,£ 0.00,£ 832.50,£ 0.00,£ 163.32,£ 0.00,"£ 38,040.00",£ 0.00,£ 58.33,£ 0.00,£ 0.00,£ 0.00,£ 0.00,£ 0.00,£ 0.00,£ 0.00,£ 0.00
7553,Music System,£ 0.00,£ 0.00,£ 0.00,£ 0.00,£ 0.00,£ 0.00,£ 24.99,£ 0.00,£ 750.00,£ 0.00,£ 75.00,£ 0.00,£ 75.00,£ 0.00,£ 75.00,£ 825.00,£ 50.00,£ 0.00,£ 50.00,£ 0.00,£ 50.00,£ 0.00,£ 50.00,£ 0.00,£ 50.00,£ 0.00
7553,Software Subscriptions,£ 0.00,£ 306.00,£ 0.00,£ 0.00,£ 0.00,£ 0.00,£ 0.00,£ 838.77,£ 0.00,£ 0.00,£ 0.00,£ 0.00,£ 0.00,£ 0.00,£ 0.00,£ 0.00,£ 0.00,£ 0.00,£ 0.00,£ 0.00,£ 0.00,£ 0.00,£ 0.00,£ 0.00,£ 0.00,£ 0.00
7594,Licence,£ 0.00,£ 0.00,£ 0.00,£ 0.00,£ 0.00,£ 0.00,£ 0.00,£ 0.00,£ 0.00,£ 0.00,£ 0.00,£ 0.00,£ 0.00,£ 0.00,£ 0.00,£ 0.00,£ 0.00,£ 0.00,£ 0.00,£ 0.00,£ 0.00,£ 0.00,£ 0.00,£ 0.00,£ 0.00,£ 0.00
7595,DMS PELO-pre 1.3.23,£ 0.00,£ 0.00,£ 0.00,£ 0.00,£ 0.00,£ 0.00,£ 0.00,£ 0.00,£ 0.00,£ 0.00,£ 0.00,£ 0.00,£ 0.00,£ 0.00,£ 0.00,£ 0.00,£ 0.00,£ 0.00,£ 0.00,£ 0.00,£ 0.00,£ 0.00,£ 0.00,£ 0.00,£ 0.00,£ 0.00
7595,DMS PLEO-pre 1.3.23,£ 0.00,£ 0.00,£ 0.00,£ 0.00,£ 0.00,£ 0.00,£ 0.00,£ 0.00,£ 0.00,£ 0.00,£ 0.00,£ 0.00,£ 0.00,£ 0.00,£ 0.00,£ 0.00,£ 0.00,£ 0.00,£ 0.00,£ 0.00,£ 0.00,£ 0.00,£ 0.00,£ 0.00,£ 0.00,£ 0.00
7596,DMS - Management Payroll-pre 1.3.23,£ 0.00,£ 0.00,£ 0.00,£ 0.00,£ 0.00,£ 0.00,£ 0.00,£ 0.00,£ 0.00,£ 0.00,£ 0.00,£ 0.00,£ 0.00,£ 0.00,£ 0.00,"£ 95,000.00",£ 0.00,"£ 100,000.00",£ 0.00,£ 0.00,£ 0.00,£ 0.00,£ 0.00,£ 0.00,£ 0.00,£ 0.00
7597,DMS - Area Managers Expenses-pre 1.3.23,£ 0.00,£ 0.00,£ 0.00,£ 0.00,£ 0.00,£ 0.00,£ 0.00,£ 0.00,£ 0.00,£ 0.00,£ 0.00,£ 0.00,£ 0.00,£ 0.00,£ 0.00,£ 0.00,£ 0.00,£ 0.00,£ 0.00,£ 0.00,£ 0.00,£ 0.00,£ 0.00,£ 0.00,£ 0.00,£ 0.00
7598,DMS - Management Charges Payable-pre 1.3.23,£ 0.00,£ 0.00,£ 0.00,£ 0.00,£ 0.00,"£ 45,833.33",£ 0.00,£ 0.00,"£ 6,408.54","£ 2,000.00","£ -6,408.54","£ -14,000.00",£ 0.00,"£ 93,083.33",£ 0.00,"£ -9,688.26",£ 0.00,£ 0.00,£ 0.00,£ 0.00,£ 0.00,£ 0.00,£ 0.00,£ 0.00,£ 0.00,£ 0.00
7599,Professional Fees,£ 0.00,"£ 4,557.33","£ 1,064.59","£ 5,398.00",£ 0.00,"£ 5,098.00","£ 1,240.50","£ 17,254.66","£ 66,466.30","£ 9,563.00","£ 8,828.40","£ 8,902.01","£ 16,095.84","£ 27,598.00","£ 10,187.00","£ 32,779.00","£ 20,401.00","£ 6,678.00","£ 11,737.00",£ 564.00,"£ 11,790.90",£ 109.63,"£ 16,046.50",£ 0.00,"£ 9,478.00",£ 0.00
7600,Legal Fees,£ 0.00,£ 0.00,£ 0.00,"£ 1,246.67",£ 0.00,"£ 1,230.00",£ 0.00,£ 424.00,"£ 8,500.00",£ 0.00,£ 0.00,£ 561.92,£ 0.00,£ 0.00,£ 0.00,"£ 14,639.00",£ 0.00,£ 250.00,£ 0.00,£ 15.00,£ 0.00,£ 0.00,"£ 11,245.25",£ 0.00,£ 0.00,£ 0.00
7602,Accountancy Fees,£ 0.00,£ 0.00,"£ 60,250.00",£ 0.00,£ 0.00,£ 0.00,£ 0.00,£ 0.00,"£ 115,563.00","£ 4,000.00",£ 0.00,"£ 14,000.00",£ 0.00,"£ 12,750.00",£ 0.00,"£ 99,694.00",£ 0.00,"£ 9,500.00",£ 0.00,£ 0.00,£ 0.00,£ 0.00,£ 0.00,£ 0.00,£ 0.00,£ 0.00
7603,Consultancy Fees,£ 0.00,£ 0.00,£ 0.00,£ 0.00,£ 0.00,£ 0.00,£ 0.00,£ 0.00,£ 0.00,£ 0.00,£ 0.00,£ 0.00,£ 0.00,£ 0.00,£ 0.00,£ 0.00,£ 0.00,"£ 6,470.00",£ 0.00,£ 0.00,£ 0.00,£ -150.00,£ 0.00,£ 0.00,£ 0.00,£ 0.00
7604,DMS1 - HO - Payroll Cost,"£ 16,969.82","£ 16,260.81","£ -10,139.24","£ 16,317.78","£ 11,391.80","£ 16,911.73","£ 8,809.58","£ 16,445.77","£ 13,858.32","£ 13,583.22","£ 19,069.41","£ 14,400.71","£ 19,274.21","£ 14,155.41","£ 19,337.92","£ 14,459.64","£ 32,154.74","£ 15,869.50","£ 37,092.11","£ 17,050.04","£ 40,780.17","£ 17,182.89","£ 40,097.30","£ 17,022.30","£ 48,659.84","£ 16,969.82"
7605,DMS1 - HO Fixed Cost,"£ 21,192.49","£ 5,204.14","£ 23,732.26","£ 9,818.82","£ 34,625.25","£ 26,904.09","£ 13,653.67","£ 8,629.10","£ 22,186.27","£ 31,333.45","£ 41,272.78","£ 10,379.71","£ 70,364.69","£ 9,352.41","£ 47,265.23","£ 16,519.19","£ 42,613.68","£ 15,502.37","£ 34,756.38","£ 15,386.27","£ 22,099.93","£ 25,165.93","£ 36,274.49","£ 30,089.88","£ 37,030.77","£ 21,192.49"
7606,DMS1 - HO Variable Cost,"£ 4,655.27","£ 4,233.94","£ 7,151.63","£ 2,968.37","£ 5,869.29","£ 7,837.68","£ 16,383.50","£ 12,029.41","£ -6,677.27","£ 5,020.74","£ 10,639.51","£ 4,160.97","£ 1,549.51","£ 5,293.83",£ 408.19,"£ 11,801.63","£ 19,892.24",£ 12.25,"£ 3,802.96","£ 7,734.50","£ 4,615.48","£ 3,881.57",£ 769.70,"£ 3,741.08","£ 3,384.33","£ 4,655.27"
7607,DMS1 - Area Managers Expenses,"£ 42,350.71","£ 11,618.27","£ -6,346.35","£ 5,653.83","£ 45,924.78","£ 8,053.69","£ 109,006.44","£ 11,021.56","£ 24,002.79","£ 16,780.04","£ 3,362.04","£ 79,060.64","£ 2,782.60","£ 13,588.75","£ 9,087.65","£ 16,692.49","£ 16,313.45","£ 20,190.23","£ 21,215.35","£ 6,956.69","£ 7,852.24","£ 22,079.60","£ 7,551.02","£ 3,752.78","£ 13,264.50","£ 42,350.71"
7610,DMS1 - Area Manager - Payroll Cost,"£ 40,993.54","£ 48,980.32","£ 46,671.26","£ 25,798.38","£ 32,084.05","£ 50,004.00","£ 48,931.39","£ 25,211.14","£ 33,648.58","£ 23,647.39","£ 41,397.22","£ 28,860.75","£ 44,650.42","£ 27,857.21","£ 61,906.61","£ 28,863.81","£ 32,751.64","£ 100,741.00","£ 31,085.56","£ 37,728.66","£ 32,643.89","£ 41,490.60","£ 19,939.07","£ 42,467.05","£ 33,700.62","£ 40,993.54"
7611,DMS1 - Area Manager - Fuel Cost,£ 0.00,£ 0.00,£ 0.00,£ 0.00,£ 0.00,£ 0.00,£ 0.00,£ 0.00,"£ 4,278.23",£ 0.00,"£ 3,911.26",£ 0.00,"£ 1,288.58",£ 0.00,£ 948.01,£ 0.00,£ 722.95,£ 0.00,£ 657.34,£ 0.00,£ 388.03,£ 0.00,£ 537.48,£ 0.00,£ 606.55,£ 0.00
7612,DMS1 - Area Manager - Car Cost,£ 0.00,£ 0.00,£ 0.00,£ 0.00,£ 0.00,£ 0.00,£ 0.00,£ 0.00,"£ 1,206.43",£ 0.00,"£ 1,352.96",£ 0.00,£ 780.04,£ 0.00,£ 715.05,£ 0.00,"£ 2,305.19",£ 0.00,£ 715.05,£ 0.00,£ 715.05,£ 0.00,£ 715.05,£ 0.00,£ 0.00,£ 0.00
7613,DMS1 - Regional Manager - Payroll Cost,£ 0.00,£ 0.00,£ 0.00,£ 0.00,£ 0.00,£ 0.00,£ 0.00,£ 0.00,"£ 15,286.44",£ 0.00,"£ 15,613.72",£ 0.00,"£ 17,814.22",£ 0.00,"£ 16,439.50",£ 0.00,"£ 26,350.76",£ 0.00,"£ 50,924.63",£ 0.00,"£ 24,252.33",£ 0.00,"£ 54,359.61",£ 0.00,"£ 17,823.82",£ 0.00
7615,DMS1 - Regional Manager - Car Cost,£ 0.00,£ 0.00,£ 0.00,£ 0.00,£ 0.00,£ 0.00,£ 0.00,£ 0.00,£ 0.00,£ 0.00,£ 0.00,£ 0.00,£ 0.00,£ 0.00,£ 0.00,£ 0.00,£ 0.00,£ 0.00,£ 0.00,£ 0.00,£ 0.00,£ 0.00,£ 0.00,£ 0.00,£ 858.03,£ 0.00
7620,DMS1 - Pleo - Other,"£ 20,881.43","£ 13,369.38","£ 14,025.05","£ 11,451.72","£ 18,870.65","£ 12,566.12","£ 16,307.26","£ 11,510.16",£ 0.00,"£ 10,208.75",£ 0.00,"£ 9,790.49",£ 0.00,"£ 11,476.80",£ 0.00,"£ 10,270.35",£ 0.00,"£ 10,729.06",£ 0.00,"£ 14,322.64",£ 0.00,"£ 64,511.86",£ 0.00,"£ 11,657.65",£ 0.00,"£ 20,881.43"
7621,DMS1 - Pleo - Recruitment Cost,£ 0.00,£ 0.00,£ 0.00,£ 0.00,£ 0.00,£ 0.00,£ 0.00,£ 0.00,£ 0.00,£ 0.00,£ 0.00,£ 0.00,£ 0.00,£ 0.00,"£ 7,705.20",£ 0.00,"£ 3,506.01",£ 0.00,"£ 2,047.47",£ 0.00,"£ 1,785.30",£ 0.00,"£ 1,065.61",£ 0.00,"£ 1,642.80",£ 0.00
7622,DMS1 - Pleo - Travel,£ 0.00,£ 0.00,£ 0.00,£ 0.00,£ 0.00,£ 0.00,£ 0.00,£ 0.00,£ 0.00,£ 0.00,£ -182.80,£ 0.00,£ 0.00,£ 0.00,£ 0.00,£ 0.00,£ 0.00,£ 0.00,£ 0.00,£ 0.00,£ 0.00,£ 0.00,£ 0.00,£ 0.00,£ 0.00,£ 0.00
7624,DMS1 - Pleo - Home Office Cost,£ 0.00,£ 0.00,£ 0.00,£ 0.00,£ 0.00,£ 0.00,£ 0.00,£ 0.00,£ 0.00,£ 0.00,£ 0.00,£ 0.00,£ 0.00,£ 0.00,"£ 3,754.40",£ 0.00,£ 0.00,£ 0.00,£ 19.95,£ 0.00,£ 0.00,£ 0.00,"£ -2,739.12",£ 0.00,"£ -1,826.08",£ 0.00
7625,DMS1 -Pleo - Hotel,£ 0.00,£ 0.00,£ 0.00,£ 0.00,£ 0.00,£ 0.00,£ 0.00,£ 0.00,£ 0.00,£ 0.00,£ 0.00,£ 0.00,"£ 1,411.92",£ 0.00,£ 715.56,£ 0.00,"£ 1,241.21",£ 0.00,£ 864.02,£ 0.00,£ 646.29,£ 0.00,£ 644.14,£ 0.00,£ 612.07,£ 0.00
7626,DMS1 - Pleo - Petrol/ Diesel,£ 0.00,£ 0.00,£ 0.00,£ 0.00,£ 0.00,£ 0.00,£ 0.00,£ 0.00,£ 0.00,£ 0.00,£ 0.00,£ 0.00,"£ 2,955.31",£ 0.00,"£ 2,885.47",£ 0.00,"£ 2,797.75",£ 0.00,"£ 2,152.87",£ 0.00,"£ 2,866.01",£ 0.00,"£ 2,687.32",£ 0.00,"£ 2,583.09",£ 0.00
7627,DMS1 -Pleo - EV Charging,£ 0.00,£ 0.00,£ 0.00,£ 0.00,£ 0.00,£ 0.00,£ 0.00,£ 0.00,£ 0.00,£ 0.00,£ 0.00,£ 0.00,£ 887.04,£ 0.00,£ 603.52,£ 0.00,£ 946.56,£ 0.00,£ 449.99,£ 0.00,£ 216.95,£ 0.00,£ 463.39,£ 0.00,£ 533.13,£ 0.00
7628,DMS1 - Pleo - Parking,£ 0.00,£ 0.00,£ 0.00,£ 0.00,£ 0.00,£ 0.00,£ 0.00,£ 0.00,£ 0.00,£ 0.00,£ 0.00,£ 0.00,£ 262.97,£ 0.00,£ 210.89,£ 0.00,£ 267.92,£ 0.00,£ 237.62,£ 0.00,£ 331.27,£ 0.00,£ 515.72,£ 0.00,£ 446.57,£ 0.00
7629,DMS1 - Pleo - Subsistence - Food/Drink,£ 0.00,£ 0.00,£ 0.00,£ 0.00,£ 0.00,£ 0.00,£ 0.00,£ 0.00,£ 0.00,£ 0.00,£ 0.00,£ 0.00,£ 470.19,£ 0.00,£ 453.38,£ 0.00,£ 128.01,£ 0.00,£ 104.83,£ 0.00,£ 55.33,£ 0.00,£ 74.93,£ 0.00,£ 177.53,£ 0.00
7630,DMS1 - Pleo - Staff Meeting Cost,£ 0.00,£ 0.00,£ 0.00,£ 0.00,£ 0.00,£ 0.00,£ 0.00,£ 0.00,£ 0.00,£ 0.00,£ 0.00,£ 0.00,£ 365.51,£ 0.00,£ 294.85,£ 0.00,£ 68.92,£ 0.00,"£ 1,685.02",£ 0.00,£ 236.80,£ 0.00,"£ 1,463.67",£ 0.00,£ 0.00,£ 0.00
7631,DMS1 - Pleo - Gift,£ 0.00,£ 0.00,£ 0.00,£ 0.00,£ 0.00,£ 0.00,£ 0.00,£ 0.00,£ 0.00,£ 0.00,£ 0.00,£ 0.00,£ 0.00,£ 0.00,£ 0.00,£ 0.00,£ 0.00,£ 0.00,£ 241.20,£ 0.00,£ 0.00,£ 0.00,£ 0.00,£ 0.00,£ 180.22,£ 0.00
7632,DMS1 - Pleo - Donations,£ 0.00,£ 0.00,£ 0.00,£ 0.00,£ 0.00,£ 0.00,£ 0.00,£ 0.00,£ 0.00,£ 0.00,£ 0.00,£ 0.00,£ 0.00,£ 0.00,£ 0.00,£ 0.00,£ 0.00,£ 0.00,£ 9.12,£ 0.00,£ 0.00,£ 0.00,£ 200.00,£ 0.00,£ 250.00,£ 0.00
7633,DMS1 - Pleo - Telephone & Internet,£ 0.00,£ 0.00,£ 0.00,£ 0.00,£ 0.00,£ 0.00,£ 0.00,£ 0.00,£ 0.00,£ 0.00,£ 0.00,£ 0.00,£ 75.00,£ 0.00,£ 62.50,£ 0.00,£ 62.50,£ 0.00,£ 62.50,£ 0.00,£ 62.50,£ 0.00,£ 62.50,£ 0.00,£ 62.50,£ 0.00
7634,DMS1 - Pleo - Advertising & Marketing,£ 0.00,£ 0.00,£ 0.00,£ 0.00,£ 0.00,£ 0.00,£ 0.00,£ 0.00,£ 0.00,£ 0.00,£ 0.00,£ 0.00,"£ 2,305.78",£ 0.00,£ -273.54,£ 0.00,£ 316.44,£ 0.00,£ 49.91,£ 0.00,£ 7.28,£ 0.00,£ -207.90,£ 0.00,£ -27.91,£ 0.00
7635,DMS1 - Pleo - Uniform/ Clothing,£ 0.00,£ 0.00,£ 0.00,£ 0.00,£ 0.00,£ 0.00,£ 0.00,£ 0.00,£ 0.00,£ 0.00,£ 0.00,£ 0.00,£ 0.00,£ 0.00,£ 0.00,£ 0.00,£ 0.00,£ 0.00,£ 0.00,£ 0.00,£ 20.33,£ 0.00,£ 23.94,£ 0.00,£ 0.00,£ 0.00
7635,DMS1 -DMS1 - Pleo - Uniform/ Clothing,£ 0.00,£ 0.00,£ 0.00,£ 0.00,£ 0.00,£ 0.00,£ 0.00,£ 0.00,£ 0.00,£ 0.00,£ 0.00,£ 0.00,£ 0.00,£ 0.00,£ 0.00,£ 0.00,£ 0.00,£ 0.00,£ 0.00,£ 0.00,£ 2.16,£ 0.00,£ 2.52,£ 0.00,£ 0.00,£ 0.00
7636,DMS1 - Pleo - Equipment Purchase,£ 0.00,£ 0.00,£ 0.00,£ 0.00,£ 0.00,£ 0.00,£ 0.00,£ 0.00,£ 0.00,£ 0.00,£ 0.00,£ 0.00,"£ 1,119.58",£ 0.00,£ 876.76,£ 0.00,"£ 2,599.05",£ 0.00,£ 601.26,£ 0.00,£ 588.63,£ 0.00,£ 721.82,£ 0.00,£ 755.88,£ 0.00
7638,DMS1 - Pleo - Car Repairs & Services,£ 0.00,£ 0.00,£ 0.00,£ 0.00,£ 0.00,£ 0.00,£ 0.00,£ 0.00,£ 0.00,£ 0.00,£ 0.00,£ 0.00,£ 57.00,£ 0.00,£ 548.19,£ 0.00,£ 391.09,£ 0.00,"£ 1,160.00",£ 0.00,£ 857.91,£ 0.00,£ 920.45,£ 0.00,£ 786.46,£ 0.00
7639,DMS1 - Pleo - Road Tax,£ 0.00,£ 0.00,£ 0.00,£ 0.00,£ 0.00,£ 0.00,£ 0.00,£ 0.00,£ 0.00,£ 0.00,£ 16.62,£ 0.00,£ 16.62,£ 0.00,£ 16.62,£ 0.00,£ 44.12,£ 0.00,£ 16.62,£ 0.00,£ 229.12,£ 0.00,£ 612.98,£ 0.00,£ 28.50,£ 0.00
7640,DMS1 - Pleo - Postage,£ 0.00,£ 0.00,£ 0.00,£ 0.00,£ 0.00,£ 0.00,£ 0.00,£ 0.00,£ 0.00,£ 0.00,£ 0.00,£ 0.00,£ 2.74,£ 0.00,£ 0.00,£ 0.00,£ 42.41,£ 0.00,£ 0.00,£ 0.00,£ 40.35,£ 0.00,£ 13.81,£ 0.00,£ 24.29,£ 0.00
7641,DMS1 - Pleo - Stationery,£ 0.00,£ 0.00,£ 0.00,£ 0.00,£ 0.00,£ 0.00,£ 0.00,£ 0.00,£ 0.00,£ 0.00,£ 0.00,£ 0.00,£ 17.00,£ 0.00,£ 82.36,£ 0.00,£ 144.10,£ 0.00,£ 11.91,£ 0.00,£ 14.47,£ 0.00,£ 0.00,£ 0.00,£ 0.00,£ 0.00
7642,DMS1 - Pleo - Office,£ 0.00,£ 0.00,£ 0.00,£ 0.00,£ 0.00,£ 0.00,£ 0.00,£ 0.00,£ 0.00,£ 0.00,£ 0.00,£ 0.00,£ 87.61,£ 0.00,£ 156.51,£ 0.00,£ 145.02,£ 0.00,£ 197.06,£ 0.00,£ 87.53,£ 0.00,£ 382.20,£ 0.00,£ 174.72,£ 0.00
7643,DMS1 - Pleo - IT Softwares/ Subscriptions,£ 0.00,£ 0.00,£ 0.00,£ 0.00,£ 0.00,£ 0.00,£ 0.00,£ 0.00,£ 0.00,£ 0.00,£ 0.00,£ 0.00,"£ 4,352.12",£ 0.00,"£ 1,320.49",£ 0.00,£ 607.02,£ 0.00,£ 912.72,£ 0.00,£ 853.46,£ 0.00,£ 924.84,£ 0.00,£ 967.57,£ 0.00
7644,DMS1 - Pleo - Stock (Food/Drink),£ 0.00,£ 0.00,£ 0.00,£ 0.00,£ 0.00,£ 0.00,£ 0.00,£ 0.00,£ 0.00,£ 0.00,£ 0.00,£ 0.00,£ 4.49,£ 0.00,£ 0.00,£ 0.00,£ 0.00,£ 0.00,£ 0.00,£ 0.00,£ 0.00,£ 0.00,£ 0.00,£ 0.00,£ 0.00,£ 0.00
7647,DMS1 - Pleo - License Fee,£ 0.00,£ 0.00,£ 0.00,£ 0.00,£ 0.00,£ 0.00,£ 0.00,£ 0.00,£ 0.00,£ 0.00,£ 0.00,£ 0.00,£ 190.00,£ 0.00,£ 0.00,£ 0.00,£ 0.00,£ 0.00,£ 0.00,£ 0.00,£ 767.25,£ 0.00,£ 0.00,£ 0.00,£ 0.00,£ 0.00
7648,DMS1 - Pleo - Train/Tube/Taxi/Flight/Tolls,£ 0.00,£ 0.00,£ 0.00,£ 0.00,£ 0.00,£ 0.00,£ 0.00,£ 0.00,£ 0.00,£ 0.00,£ 0.00,£ 0.00,£ 71.19,£ 0.00,£ 579.06,£ 0.00,£ 448.01,£ 0.00,£ 483.97,£ 0.00,£ 115.12,£ 0.00,£ 655.22,£ 0.00,£ 145.83,£ 0.00
7649,DMS1 - Pleo - Parking Fines & Penalties,£ 0.00,£ 0.00,£ 0.00,£ 0.00,£ 0.00,£ 0.00,£ 0.00,£ 0.00,£ 0.00,£ 0.00,£ 0.00,£ 0.00,£ 424.46,£ 0.00,£ 65.00,£ 0.00,£ 332.72,£ 0.00,£ 77.09,£ 0.00,£ 395.00,£ 0.00,£ 280.00,£ 0.00,£ 370.00,£ 0.00
7650,DMS1 - Pleo - Repairs & Maintenance,£ 0.00,£ 0.00,£ 0.00,£ 0.00,£ 0.00,£ 0.00,£ 0.00,£ 0.00,£ 0.00,£ 0.00,£ 0.00,£ 0.00,£ 938.35,£ 0.00,"£ 1,087.02",£ 0.00,"£ 1,177.00",£ 0.00,£ 248.02,£ 0.00,£ 380.38,£ 0.00,£ 514.62,£ 0.00,£ 290.82,£ 0.00
7651,DMS1 - Pleo - Cleaning Materials & Chemicals,£ 0.00,£ 0.00,£ 0.00,£ 0.00,£ 0.00,£ 0.00,£ 0.00,£ 0.00,£ 0.00,£ 0.00,£ 0.00,£ 0.00,£ 99.71,£ 0.00,£ 44.27,£ 0.00,£ 109.30,£ 0.00,£ 28.89,£ 0.00,£ 385.90,£ 0.00,£ 28.60,£ 0.00,£ 26.13,£ 0.00
7701,Store Machine Maintenance,£ 950.00,"£ 1,335.20",£ 0.00,£ 515.25,£ 475.50,"£ 2,174.74",£ 877.50,£ 245.49,"£ 1,214.00","£ 1,522.32",£ 629.40,£ 627.39,£ 352.50,£ 125.00,£ 0.00,"£ 2,165.43",£ 0.00,£ 453.50,£ 0.00,£ 0.00,£ 0.00,£ 0.00,£ 405.80,£ 0.00,£ 0.00,£ 950.00
7702,Equipment Leasing,£ 0.00,£ 0.00,£ 0.00,£ 0.00,£ 0.00,£ 0.00,£ 0.00,£ 0.00,"£ 4,776.00",£ 0.00,£ 0.00,£ 0.00,£ 0.00,£ 0.00,£ 0.00,"£ 7,864.00",£ 0.00,£ 0.00,£ 0.00,£ 0.00,£ 0.00,£ 0.00,£ 0.00,£ 0.00,£ 0.00,£ 0.00
7799,Cleaning - Dominos Cleaning,"£ 7,131.20","£ 7,085.78","£ 6,231.68","£ 7,482.66","£ 7,570.88","£ 6,679.00","£ 7,623.86","£ 7,854.27","£ 46,282.79","£ 11,755.52","£ 11,552.37","£ 8,255.86","£ 8,340.34","£ 8,642.07","£ 9,254.30","£ 61,630.15","£ 9,436.77","£ 8,859.52","£ 13,328.18","£ 9,385.67","£ 8,839.46","£ 5,942.34","£ 8,818.10","£ 10,267.41","£ 8,712.46","£ 7,131.20"
7800,Repairs and Renewals,"£ 26,554.98","£ 28,850.78","£ 13,851.38","£ 29,485.43","£ 16,363.24","£ 13,252.72","£ 11,472.80","£ 14,609.93","£ 146,879.05","£ 51,600.32","£ 23,028.13","£ 15,836.25","£ 13,898.75","£ 14,637.67","£ 42,235.34","£ 158,005.61","£ 31,291.31","£ 13,394.58","£ 25,308.03","£ 27,936.94","£ 32,608.25","£ 16,155.27","£ 7,900.53","£ 18,958.57","£ 11,436.97","£ 26,554.98"
7801,Cleaning - Waste Management,"£ 8,007.69","£ 7,551.32","£ 8,406.04","£ 9,384.17","£ 8,083.77","£ 8,844.64","£ 7,992.62","£ 11,906.20","£ 7,990.50","£ 8,925.11","£ 10,436.75","£ 8,562.81","£ 11,388.57","£ 7,893.85","£ 13,986.28","£ 7,799.73","£ 10,024.12","£ 8,952.56","£ 10,304.85","£ 8,924.07","£ 17,857.70","£ 15,332.11","£ 10,784.94","£ 8,203.60","£ 10,582.59","£ 8,007.69"
7802,Cleaning - Pest Control,£ 323.08,£ 27.13,£ 0.00,"£ 1,457.37","£ 1,730.88","£ 1,149.43","£ 1,390.87",£ 27.13,£ 350.88,£ 27.13,"£ 1,379.59","£ 1,149.40",£ 507.78,£ 27.13,£ 930.18,£ 83.42,"£ 2,442.26","£ 4,027.58",£ 927.92,£ 590.00,£ 109.83,£ 580.08,"£ 1,545.88","£ 1,601.33",£ 866.77,£ 323.08
7803,Premises Expenses,£ 0.00,£ 0.00,£ 0.00,£ 0.00,£ 0.00,£ 0.00,£ 0.00,£ 0.00,£ 0.00,£ 0.00,£ 0.00,£ 0.00,£ 8.33,£ 0.00,£ 0.00,£ 0.00,£ 0.00,£ 0.00,£ 0.00,£ 0.00,£ 0.00,£ 0.00,£ 0.00,£ 0.00,£ 0.00,£ 0.00
7804,Dominos - Store Equipment with VAT,"£ 6,212.93","£ 7,670.92","£ 7,095.16","£ 8,686.24","£ 7,468.63","£ 7,289.45","£ 12,566.44","£ 12,807.97","£ 97,633.79","£ 30,541.40","£ 15,750.08","£ 7,832.86","£ 15,365.28","£ 8,147.26","£ 17,796.68","£ 172,986.13","£ 19,783.18","£ 11,754.75","£ 14,635.89","£ 7,776.24","£ 13,275.18","£ 8,199.37","£ 10,513.73","£ 6,680.23","£ 9,606.96","£ 6,212.93"
7805,Thermal Printer Labels,£ 0.00,£ 0.00,£ 0.00,£ 0.00,£ 0.00,£ 0.00,£ 0.00,£ 0.00,£ 0.00,£ 8.79,£ 0.00,£ 0.00,£ 2.85,£ 0.00,£ 0.00,£ 0.00,"£ 1,191.87",£ 0.00,£ 0.00,£ 0.00,£ 0.00,£ 0.00,£ 0.00,£ 0.00,£ 0.00,£ 0.00
7900,Bank Interest Paid,£ 0.00,£ 0.00,£ 0.00,£ 0.00,£ 0.00,£ 0.00,£ 0.00,£ 0.00,"£ 1,402.00",£ 0.00,£ 0.00,£ 0.00,£ 0.00,£ 0.00,£ 0.00,"£ 2,368.00",£ 0.00,£ 0.00,£ 0.00,£ 0.00,£ 0.00,£ 0.00,£ 0.00,£ 0.00,£ 0.00,£ 0.00
7901,Bank Charges,"£ 2,341.18","£ 2,518.90","£ 1,592.46","£ 2,343.08","£ 1,560.06","£ 2,391.34","£ 1,697.73","£ 2,311.87","£ 8,443.68","£ 1,922.36","£ 66,263.99","£ 2,354.14","£ 2,427.98","£ 2,373.22","£ 2,591.94","£ 7,960.43","£ 2,231.03","£ 2,786.19","£ 1,653.14","£ 2,558.62","£ 1,258.86","£ 2,316.47","£ 1,092.05","£ 2,048.99","£ 1,162.76","£ 2,341.18"
7903,Loan Interest Paid,"£ 3,996.83","£ 4,052.10","£ 60,962.01","£ 4,530.61","£ 3,908.99","£ 4,019.25","£ 4,282.46","£ 4,495.72","£ 3,828.96","£ 5,478.18","£ 3,666.78","£ 5,779.65","£ 57,081.68","£ 5,201.56","£ 52,752.26","£ 117,675.95","£ 62,195.72","£ 4,652.46","£ 60,711.50","£ 4,541.46","£ 52,192.80","£ 3,812.36","£ 58,231.27","£ 4,040.75","£ 56,302.58","£ 3,996.83"
7904,H.P. Interest,£ 0.00,£ 0.00,"£ 2,338.21",£ 0.00,£ 0.00,£ 0.00,£ 0.00,£ 0.00,£ 0.00,£ 0.00,£ 0.00,£ 0.00,£ 0.00,£ 0.00,£ 0.00,"£ 3,143.18",£ 0.00,£ 0.00,£ 0.00,£ 0.00,£ 0.00,£ 0.00,£ 0.00,£ 0.00,£ 0.00,£ 0.00
7904,Hp Interest,£ 289.26,£ 0.00,£ 282.54,£ 0.00,£ 275.81,£ 0.00,£ 269.08,£ 0.00,£ 262.36,£ 0.00,£ 255.63,£ 0.00,£ 248.90,£ 0.00,£ 242.17,£ 322.90,£ 235.45,£ 316.17,£ 0.00,£ 309.45,£ 0.00,£ 302.72,£ 0.00,£ 295.99,£ 0.00,£ 289.26
7905,Credit Charges,"£ 3,355.54","£ 3,372.80","£ 3,309.34","£ 4,674.05","£ 4,353.20","£ 4,442.74","£ 4,527.09","£ 4,182.01","£ 17,988.09","£ 4,360.97","£ 5,979.79","£ 3,576.59","£ 6,570.78","£ 4,680.74","£ 5,246.86","£ 16,510.46","£ 5,560.75","£ 3,924.78","£ 6,252.22","£ 3,513.44","£ 5,759.13","£ 3,408.69","£ 8,228.45","£ 4,009.57","£ 7,012.89","£ 3,355.54"
7906,Other Interest charges,£ 0.00,£ 0.00,"£ 2,140.45",£ 0.00,£ 0.00,£ 0.00,£ 0.00,£ 0.00,£ 0.00,£ 0.00,£ 0.00,£ 0.00,£ 0.00,£ 0.00,£ 0.00,£ 0.00,£ 0.00,£ 0.00,£ 0.00,£ 0.00,£ 0.00,£ 0.00,£ 0.00,£ 0.00,£ 0.00,£ 0.00
7906,Streamline Credit Card charges,£ 0.00,£ 0.00,£ 0.00,£ 0.00,£ 0.00,£ 0.00,£ 0.00,£ 0.00,£ 0.00,£ 0.00,£ 0.00,£ 0.00,£ 0.00,£ 0.00,£ 0.00,£ 0.00,£ 0.00,£ 0.00,£ 0.00,£ 0.00,£ 0.00,£ 0.00,£ 0.00,£ 0.00,£ 0.00,£ 0.00
7999,Management Depreciation,"£ 23,250.00",£ 0.00,"£ -74,250.00",£ 0.00,"£ 23,250.00",£ 0.00,"£ 23,250.00",£ 0.00,"£ -13,500.00",£ 0.00,"£ 32,250.00",£ 0.00,"£ 23,250.00",£ 0.00,"£ 22,500.00",£ 0.00,"£ 22,500.00","£ 9,000.00","£ 31,500.00","£ 16,500.00","£ 29,250.00","£ 23,250.00","£ 31,500.00","£ 23,250.00","£ 31,500.00","£ 23,250.00"
8000,Depreciation,"£ 2,705.37","£ 2,064.71","£ 1,205.40","£ 2,064.72",£ 0.00,"£ 2,078.48",£ 0.00,"£ 2,975.62","£ -5,250.00","£ 2,975.62",£ 0.00,"£ 2,940.22",£ 0.00,"£ 2,940.21",£ 0.00,"£ 2,940.23",£ 0.00,"£ 2,705.39",£ 0.00,"£ 9,455.38",£ 0.00,"£ 2,705.40",£ 0.00,"£ 2,705.39",£ 0.00,"£ 2,705.37"
8001,Plant/Machinery Depreciation,"£ 2,131.67","£ 2,490.14","£ 2,131.70","£ 2,490.15",£ 0.00,"£ 2,490.13",£ 0.00,"£ 2,490.14",£ 113.40,"£ 2,490.13",£ 0.00,"£ 2,460.02",£ 0.00,"£ 2,460.00",£ 0.00,"£ 2,299.70",£ 0.00,"£ 2,131.67",£ 0.00,"£ 2,131.69",£ 0.00,"£ 2,131.68",£ 0.00,"£ 2,131.69",£ 0.00,"£ 2,131.67"
8002,Furniture/Fitting Depreciation,"£ 22,010.82","£ 24,824.04","£ 22,010.77","£ 24,824.09","£ 7,649.92","£ 24,824.08","£ 7,649.93","£ 25,526.83","£ 70,690.18","£ 25,533.60",£ 0.00,"£ 25,483.08",£ 0.00,"£ 24,583.59",£ 0.00,"£ 117,885.01",£ 0.00,"£ 23,317.20",£ 0.00,"£ 22,010.82",£ 0.00,"£ 22,010.77",£ 0.00,"£ 22,010.80",£ 0.00,"£ 22,010.82"
8003,Vehicle Depreciation,"£ 3,888.69","£ 2,182.90","£ 5,075.40","£ 2,182.90","£ 1,891.20","£ 2,182.91","£ 1,891.20","£ 2,182.89","£ 3,818.32","£ 2,182.91",£ 0.00,"£ 2,665.09",£ 0.00,"£ 2,651.04",£ 0.00,"£ 8,878.21",£ 0.00,"£ 4,123.51",£ 0.00,"£ 3,888.70",£ 0.00,"£ 3,888.65",£ 0.00,"£ 3,888.68",£ 0.00,"£ 3,888.69"
8005,Amortisation of goodwill,"£ 16,666.67","£ 16,666.67","£ 16,666.66","£ 16,666.66","£ 16,666.67","£ 16,666.67","£ 16,666.67","£ 16,666.67","£ 16,666.66","£ 16,666.66",£ 0.00,"£ 16,666.67",£ 0.00,"£ 16,666.67",£ 0.00,"£ 16,666.66",£ 0.00,"£ 16,666.67",£ 0.00,"£ 16,666.67",£ 0.00,"£ 16,666.66",£ 0.00,"£ 16,666.67",£ 0.00,"£ 16,666.67"
8006,Amortisation -Franchise Fee,£ 462.50,"£ 4,906.96",£ 462.50,"£ 4,906.96",£ 0.00,"£ 4,906.96",£ 0.00,"£ 4,906.96",£ 0.00,"£ 4,906.96",£ 0.00,"£ 4,906.95",£ 0.00,"£ 4,906.96",£ 0.00,"£ 4,906.96",£ 0.00,£ 462.50,£ 0.00,£ 462.50,£ 0.00,£ 462.50,£ 0.00,£ 462.50,£ 0.00,£ 462.50
8100,Bad Debt Write Off,"£ 2,158.26","£ 1,742.00","£ 8,648.01","£ 2,945.91","£ 2,965.45","£ 1,604.77","£ 3,046.66","£ 2,043.44","£ 3,051.51","£ 3,313.51","£ 4,149.81","£ 2,093.96","£ 5,173.14","£ 2,733.82","£ 13,018.27","£ 1,986.20","£ 6,630.68","£ 2,110.16","£ 3,141.41","£ 4,048.74","£ 5,872.77","£ 4,218.72","£ 4,079.80","£ 3,192.36","£ 5,233.70","£ 2,158.26"
8101,CHARITY,£ 0.00,£ 0.00,£ 0.00,£ 0.00,£ 0.00,£ 0.00,£ 0.00,£ 0.00,£ 0.00,"£ 30,000.00",£ 0.00,£ 0.00,£ 0.00,£ 0.00,£ 0.00,£ 0.00,£ 0.00,£ 0.00,£ 0.00,£ 0.00,£ 0.00,£ 0.00,£ 0.00,£ 0.00,£ 0.00,£ 0.00
8200,Dominos - Donations,"£ 1,367.40","£ 2,209.69","£ 1,665.95","£ 1,113.13","£ 1,192.04","£ 1,434.00","£ 1,007.18","£ 1,212.10","£ 42,338.71","£ 5,412.99","£ 1,606.40","£ 1,972.88","£ 1,412.12","£ 1,649.73","£ 2,584.80","£ 9,687.86","£ 1,871.07","£ 1,394.65","£ 1,758.35","£ 1,348.75","£ 2,425.95","£ 1,621.48","£ 1,751.75","£ 1,299.64","£ 1,677.39","£ 1,367.40"
8201,Subscriptions,£ 306.00,£ 0.00,£ 0.00,£ 0.00,£ 0.00,£ 0.00,£ 566.22,£ 0.00,"£ 1,045.00",£ 0.00,£ 0.00,£ 0.00,£ 0.00,£ 346.80,£ 0.00,£ 845.00,£ 25.00,£ 0.00,£ 25.00,£ 306.00,£ 25.00,£ 0.00,£ 540.37,£ 494.99,£ 85.83,£ 306.00
8203,Dominos - Clothing with VAT,"£ 2,765.52","£ 4,969.67","£ 2,691.08","£ 3,801.02","£ 5,070.89","£ 4,322.05","£ 5,561.45","£ 9,305.03","£ 9,466.92","£ 11,923.83","£ 14,050.45","£ 12,458.83","£ 19,068.62","£ 7,551.48","£ 19,674.26","£ 9,279.55","£ 11,115.38","£ 4,286.08","£ 10,026.58","£ 3,782.11","£ 12,812.09","£ 3,914.36","£ 7,361.40","£ 3,567.80","£ 3,929.47","£ 2,765.52"
8204,Insurance,"£ 39,352.96","£ -19,055.76","£ 82,129.97","£ 24,485.24","£ 55,605.06","£ 40,600.10","£ 52,778.50","£ 39,648.40","£ 199,423.45","£ 39,560.21","£ 77,534.55","£ 39,495.10","£ 73,578.26","£ 39,835.48","£ 75,440.12","£ 272,632.36","£ 71,265.38","£ 24,702.69","£ 72,890.50","£ 39,482.88","£ 68,782.57","£ 44,716.19","£ 65,104.15","£ 23,780.46","£ 82,158.61","£ 39,352.96"
8205,Refreshments,"£ 1,321.53",£ 418.58,£ 639.44,"£ 29,237.73",£ 18.37,"£ 2,822.07","£ 1,033.90",£ 445.32,"£ 3,020.00",£ 793.94,£ 0.00,£ 631.89,"£ 1,144.86","£ 1,367.56","£ 1,049.38","£ 1,723.73","£ 7,382.06",£ 519.48,"£ 5,070.83",£ 131.96,"£ 3,051.28","£ 17,500.52",£ 958.39,"£ 1,247.14",£ 0.00,"£ 1,321.53"
8205,Refreshments and Staff Cost,£ 0.00,£ 0.00,£ 0.00,£ 0.00,£ 0.00,£ 0.00,£ 0.00,£ 0.00,£ 0.00,£ 0.00,£ 0.00,£ 0.00,£ 0.00,£ 0.00,£ 0.00,£ 0.00,£ 0.00,£ 0.00,£ 0.00,£ 0.00,"£ 10,089.54",£ 0.00,£ 0.00,£ 0.00,£ 0.00,£ 0.00
8250,Sundry Expenses,£ 0.00,£ 0.00,£ 0.00,£ 0.00,£ 0.00,£ 0.00,£ 0.00,£ 0.00,"£ 6,649.31",£ 0.00,£ 0.00,£ 0.00,£ 0.00,£ 0.00,£ 0.00,"£ 3,090.00",£ 0.00,£ 0.00,£ 0.00,£ 0.00,£ 0.00,£ 0.00,£ 0.00,£ 0.00,£ 0.00,£ 0.00
9001,Taxation,£ 0.00,£ 0.00,"£ 307,249.17",£ 100.00,£ 0.00,£ 0.00,£ 0.00,£ 0.00,"£ 107,002.39",£ 0.00,£ 0.00,"£ 186,529.38",£ 0.00,"£ 54,074.83",£ 0.00,"£ 317,333.65",£ 0.00,"£ 39,722.55",£ 0.00,£ 0.00,£ 0.00,£ 0.00,£ 0.00,£ 0.00,£ 0.00,£ 0.00
9002,Taxation - prior year adjustments,£ 0.00,£ 0.00,£ 581.79,£ 0.00,£ 0.00,£ 0.00,£ 0.00,£ 0.00,£ 0.00,£ 0.00,£ 0.00,£ 0.00,£ 0.00,£ 0.00,£ 0.00,£ 0.00,£ 0.00,£ 0.00,£ 0.00,£ 0.00,£ 0.00,£ 0.00,£ 0.00,£ 0.00,£ 0.00,£ 0.00
9998,Suspense Account,"£ -1,127.10","£ -5,437.62",£ -100.31,£ 904.00,"£ 2,275.00","£ 7,058.52","£ 1,016.06","£ -6,256.83","£ 4,768.96","£ 2,632.56","£ -5,648.17","£ 3,774.61",£ 600.00,"£ 2,206.63",£ -600.00,"£ 2,456.73",£ 330.00,"£ -7,542.45",£ -250.96,£ 996.00,£ -79.04,"£ 2,738.26",£ 0.00,"£ -4,024.66",£ 150.24,"£ -1,127.10"
Total Expenses,,"£ 857,663.53","£ 682,921.89","£ 1,260,306.60","£ 879,684.63","£ 843,238.44","£ 852,184.01","£ 899,374.09","£ 732,940.73","£ 4,096,057.43","£ 985,261.70","£ 1,184,992.32","£ 1,207,804.75","£ 1,251,511.90","£ 997,348.07","£ 1,544,855.51","£ 5,812,244.23","£ 1,283,605.11","£ 1,031,111.67","£ 1,278,922.04","£ 903,553.37","£ 1,450,035.88","£ 993,378.41","£ 1,232,452.66","£ 811,544.33","£ 1,257,255.69","£ 857,663.53"
,,,,,,,,,,,,,,,,,,,,,,,,,,,
Operating Profit,,"£ 337,073.72","£ 347,237.98","£ -235,979.74","£ 72,148.09","£ 297,838.28","£ 181,287.73","£ 155,909.34","£ 203,389.71","£ -70,071.12","£ 64,274.46","£ 404,599.06","£ -60,243.65","£ 442,053.71","£ 27,070.06","£ 378,110.47","£ 384,414.73","£ 31,967.15","£ -293,359.07","£ 149,938.79","£ 143,145.05","£ 101,040.61","£ 103,947.29","£ 223,193.96","£ 174,445.95","£ 456,662.49","£ 337,073.72"
,,,,,,,,,,,,,,,,,,,,,,,,,,,
Other Income,,,,,,,,,,,,,,,,,,,,,,,,,,,
4006,Manager Car reconcillation-DMS1,"£ 30,240.67",£ 0.00,£ 0.00,£ 0.00,£ 0.00,£ 0.00,£ 0.00,"£ 20,015.92",£ 0.00,£ 0.00,£ 0.00,£ 0.00,£ 0.00,£ 0.00,£ 0.00,"£ -20,015.92",£ 0.00,£ 0.00,£ 0.00,£ 0.00,£ 0.00,£ 0.00,£ 0.00,£ 0.00,£ 0.00,"£ 30,240.67"
4015,AM/COS MANAGER RECHARGE-HO,"£ 27,250.77","£ 36,308.94","£ 20,484.04","£ 20,239.15",£ 0.00,"£ 25,747.77",£ 0.00,"£ 20,508.17",£ 0.00,"£ 22,164.43","£ 6,030.47","£ 20,255.30","£ 10,318.41","£ 20,264.63","£ 26,815.89","£ 7,382.82","£ 6,536.90","£ 21,604.39",£ 0.00,"£ 23,219.04",£ 0.00,"£ 26,959.06",£ 0.00,"£ 27,913.44",£ 0.00,"£ 27,250.77"
4099,COVID 19 GRANT,£ 0.00,£ 0.00,£ 0.00,£ 0.00,£ 0.00,£ 0.00,£ 0.00,£ 0.00,£ 0.00,£ 0.00,£ 0.00,£ 0.00,£ 0.00,£ 0.00,£ 0.00,"£ 4,881.11",£ 0.00,£ 0.00,£ 0.00,£ 0.00,£ 0.00,£ 0.00,£ 0.00,£ 0.00,£ 0.00,£ 0.00
4902,BANK INTEREST RECEIVED,£ 0.00,£ 0.00,£ 0.00,£ 0.00,£ 0.00,£ 0.00,£ 0.00,£ 0.00,"£ 167,829.00",£ 0.00,"£ 3,533.18",£ 0.00,£ 388.81,£ 0.00,£ 296.75,"£ 167,754.00",£ 132.42,£ 0.00,£ 39.31,£ 0.00,£ 27.76,£ 0.00,£ 11.32,£ 0.00,£ 3.51,£ 0.00
4908,Profit on sale of Motor Vehicle,£ 0.00,£ 0.00,£ 0.00,£ 0.00,£ 0.00,£ 0.00,£ 0.00,£ 0.00,"£ 4,225.00",£ 0.00,£ 0.00,£ 0.00,£ 0.00,£ 0.00,£ 0.00,£ 0.00,£ 0.00,£ 0.00,£ 0.00,£ 0.00,£ 0.00,£ 0.00,£ 0.00,£ 0.00,£ 0.00,£ 0.00
4909,Dividend Income,£ 0.00,£ 0.00,"£ 400,000.00",£ 0.00,£ 0.00,£ 0.00,£ 0.00,£ 0.00,£ 0.00,£ 0.00,£ 0.00,£ 0.00,£ 0.00,£ 0.00,£ 0.00,£ 0.00,£ 0.00,£ 0.00,£ 0.00,£ 0.00,£ 0.00,£ 0.00,£ 0.00,£ 0.00,£ 0.00,£ 0.00
4910,Interest Receivable - DPRS Windermere,£ 0.00,£ 0.00,£ 0.00,£ 0.00,£ 0.00,£ 0.00,£ 0.00,£ 0.00,£ 0.00,£ 0.00,£ 0.00,£ 0.00,£ 0.00,"£ 22,573.98",£ 0.00,£ 0.00,£ 0.00,£ 0.00,£ 0.00,£ 0.00,£ 0.00,"£ 15,062.67",£ 0.00,£ 0.00,£ 0.00,£ 0.00
Total Other Income,,"£ 57,491.44","£ 36,308.94","£ 420,484.04","£ 20,239.15",£ 0.00,"£ 25,747.77",£ 0.00,"£ 40,524.09","£ 172,054.00","£ 22,164.43","£ 9,563.65","£ 20,255.30","£ 10,707.22","£ 42,838.61","£ 27,112.64","£ 160,002.01","£ 6,669.32","£ 21,604.39",£ 39.31,"£ 23,219.04",£ 27.76,"£ 42,021.73",£ 11.32,"£ 27,913.44",£ 3.51,"£ 57,491.44"
,,,,,,,,,,,,,,,,,,,,,,,,,,,
Other Expenses,,£ 0.00,£ 0.00,£ 0.00,£ 0.00,£ 0.00,£ 0.00,£ 0.00,£ 0.00,£ 0.00,£ 0.00,£ 0.00,£ 0.00,£ 0.00,£ 0.00,£ 0.00,£ 0.00,£ 0.00,£ 0.00,£ 0.00,£ 0.00,£ 0.00,£ 0.00,£ 0.00,£ 0.00,£ 0.00,£ 0.00
,,,,,,,,,,,,,,,,,,,,,,,,,,,
Other Profit,,"£ 57,491.44","£ 36,308.94","£ 420,484.04","£ 20,239.15",£ 0.00,"£ 25,747.77",£ 0.00,"£ 40,524.09","£ 172,054.00","£ 22,164.43","£ 9,563.65","£ 20,255.30","£ 10,707.22","£ 42,838.61","£ 27,112.64","£ 160,002.01","£ 6,669.32","£ 21,604.39",£ 39.31,"£ 23,219.04",£ 27.76,"£ 42,021.73",£ 11.32,"£ 27,913.44",£ 3.51,"£ 57,491.44"
,,,,,,,,,,,,,,,,,,,,,,,,,,,
Net Profit,,"£ 394,565.16","£ 383,546.92","£ 184,504.30","£ 92,387.24","£ 297,838.28","£ 207,035.50","£ 155,909.34","£ 243,913.80","£ 101,982.88","£ 86,438.89","£ 414,162.71","£ -39,988.35","£ 452,760.93","£ 69,908.67","£ 405,223.11","£ 544,416.74","£ 38,636.47","£ -271,754.68","£ 149,978.10","£ 166,364.09","£ 101,068.37","£ 145,969.02","£ 223,205.28","£ 202,359.39","£ 456,666.00","£ 394,565.16"
